pricedSecurityName,PartitionKey,AsOfDate,FxHedgingPercent,EnrichmentStatus,InputModel,OutputModel,EnrichmentInputId,EnrichmentInputIdType,EnrichmentMessages,RMG_SecurityIsProxied,SecurityUpdateTimestamp,IsFxModel
ccy://RMG/SUS1,16,2024-09-02,NaN,Error,cashModel,cashModel,N/A,N/A,"Used unpermissioned time series of type Currency named ""SUS1""",false,2024-11-20T10:55:10.533748500,false
ccy://RMG/ZMW,16,2024-09-02,NaN,Success,cashModel,cashModel,N/A,N/A,,false,2024-11-20T10:55:10.533748500,false
ccy://RMG/BOCARS,16,2024-09-02,NaN,Error,cashModel,cashModel,N/A,N/A,"Used unpermissioned time series of type Currency named ""BOCARS""",false,2024-11-20T10:55:10.533748500,false
ccy://RMG/DKK4,16,2024-09-02,NaN,Error,cashModel,cashModel,N/A,N/A,"Used unpermissioned time series of type Currency named ""DKK4""",false,2024-11-20T10:55:10.533748500,false
ccy://RMG/AUD4,16,2024-09-02,NaN,Error,cashModel,cashModel,N/A,N/A,"Used unpermissioned time series of type Currency named ""AUD4""",false,2024-11-20T10:55:10.533748500,false
ccy://RMG/AUD_SL,16,2024-09-02,NaN,Error,cashModel,cashModel,N/A,N/A,"Used unpermissioned time series of type Currency named ""AUD_SL""",false,2024-11-20T10:55:10.533748500,false
ccy://RMG/SAVE1,16,2024-09-02,NaN,Error,cashModel,cashModel,N/A,N/A,"Used unpermissioned time series of type Currency named ""SAVE1""",false,2024-11-20T10:55:10.533748500,false
ccy://RMG/KRW,16,2024-09-02,NaN,Success,cashModel,cashModel,N/A,N/A,,false,2024-11-20T10:55:10.533748500,false
ccy://RMG/DOT1,16,2024-09-02,NaN,Error,cashModel,cashModel,N/A,N/A,"Used unpermissioned time series of type Currency named ""DOT1""",false,2024-11-20T10:55:10.533748500,false
ccy://RMG/AK13,16,2024-09-02,NaN,Error,cashModel,cashModel,N/A,N/A,"Used unpermissioned time series of type Currency named ""AK13""",false,2024-11-20T10:55:10.533748500,false
ccy://RMG/BOCAU2,16,2024-09-02,NaN,Error,cashModel,cashModel,N/A,N/A,"Used unpermissioned time series of type Currency named ""BOCAU2""",false,2024-11-20T10:55:10.533748500,false
ccy://RMG/BOCNTD,16,2024-09-02,NaN,Error,cashModel,cashModel,N/A,N/A,"Used unpermissioned time series of type Currency named ""BOCNTD""",false,2024-11-20T10:55:10.539884,false
ccy://RMG/XUSUSD,16,2024-09-02,NaN,Success,cashModel,cashModel,N/A,N/A,"Holding ""ccy://RMG/XUSUSD"", has filled time series for valuation spec with statistics start date 20230903, statistics end date 20240902, and pricing date 20240902.  Filled time series descriptions:  Time series ""XUSUSD"" is backfilled or forward filled; earliest time series observation date is 20200918; latest time series observation date is 20221124; time series is flat filled; DATA ON THE PRICING DATE HAS BEEN FILLED FOR THIS TIME SERIES.",false,2024-11-20T10:55:10.539884,false
ccy://RMG/BOCSIT,16,2024-09-02,NaN,Error,cashModel,cashModel,N/A,N/A,"Used unpermissioned time series of type Currency named ""BOCSIT""",false,2024-11-20T10:55:10.539884,false
ccy://RMG/DKK_SL,16,2024-09-02,NaN,Error,cashModel,cashModel,N/A,N/A,"Used unpermissioned time series of type Currency named ""DKK_SL""",false,2024-11-20T10:55:10.539884,false
ccy://RMG/BOCPYG,16,2024-09-02,NaN,Error,cashModel,cashModel,N/A,N/A,"Used unpermissioned time series of type Currency named ""BOCPYG""",false,2024-11-20T10:55:10.539884,false
ccy://RMG/CAD2,16,2024-09-02,NaN,Error,cashModel,cashModel,N/A,N/A,"Used unpermissioned time series of type Currency named ""CAD2""",false,2024-11-20T10:55:10.539884,false
ccy://RMG/XSAUSD,16,2024-09-02,NaN,Success,cashModel,cashModel,N/A,N/A,"Holding ""ccy://RMG/XSAUSD"", has filled time series for valuation spec with statistics start date 20230903, statistics end date 20240902, and pricing date 20240902.  Filled time series descriptions:  Time series ""XSAUSD"" is backfilled or forward filled; earliest time series observation date is 20200410; latest time series observation date is 20221124; time series is flat filled; DATA ON THE PRICING DATE HAS BEEN FILLED FOR THIS TIME SERIES.",false,2024-11-20T10:55:10.539884,false
ccy://RMG/PGK_TCXF,16,2024-09-02,NaN,Error,cashModel,cashModel,N/A,N/A,"Used unpermissioned time series of type Currency named ""PGK_TCXF""",false,2024-11-20T10:55:10.539884,false
ccy://RMG/INR9,16,2024-09-02,NaN,Success,cashModel,cashModel,N/A,N/A,"Holding ""ccy://RMG/INR9"", has filled time series for valuation spec with statistics start date 20230903, statistics end date 20240902, and pricing date 20240902.  Filled time series descriptions:  Time series ""INR9"" is backfilled or forward filled; earliest time series observation date is 20180530; latest time series observation date is 20180531; time series is flat filled; DATA ON THE PRICING DATE HAS BEEN FILLED FOR THIS TIME SERIES.",false,2024-11-20T10:55:10.539884,false
ccy://RMG/ZMK_SL,16,2024-09-02,NaN,Error,cashModel,cashModel,N/A,N/A,"Used unpermissioned time series of type Currency named ""ZMK_SL""",false,2024-11-20T10:55:10.539884,false
ccy://RMG/GBP5,16,2024-09-02,NaN,Error,cashModel,cashModel,N/A,N/A,"Used unpermissioned time series of type Currency named ""GBP5""",false,2024-11-20T10:55:10.539884,false
ccy://RMG/EOS1,16,2024-09-02,NaN,Error,cashModel,cashModel,N/A,N/A,"Used unpermissioned time series of type Currency named ""EOS1""",false,2024-11-20T10:55:10.539884,false
ccy://RMG/BOCBA1,16,2024-09-02,NaN,Error,cashModel,cashModel,N/A,N/A,"Used unpermissioned time series of type Currency named ""BOCBA1""",false,2024-11-20T10:55:10.539884,false
ccy://RMG/UF1,16,2024-09-02,NaN,Error,cashModel,cashModel,N/A,N/A,"Used unpermissioned time series of type Currency named ""UF1""",false,2024-11-20T10:55:10.539884,false
ccy://RMG/BOCTW1,16,2024-09-02,NaN,Error,cashModel,cashModel,N/A,N/A,"Used unpermissioned time series of type Currency named ""BOCTW1""",false,2024-11-20T10:55:10.539884,false
ccy://RMG/QR_CNY,16,2024-09-02,NaN,Error,cashModel,cashModel,N/A,N/A,"Used unpermissioned time series of type Currency named ""QR_CNY""",false,2024-11-20T10:55:10.539884,false
ccy://RMG/BOCMKD,16,2024-09-02,NaN,Error,cashModel,cashModel,N/A,N/A,"Used unpermissioned time series of type Currency named ""BOCMKD""",false,2024-11-20T10:55:10.539884,false
ccy://RMG/WST,16,2024-09-02,NaN,Success,cashModel,cashModel,N/A,N/A,,false,2024-11-20T10:55:10.539884,false
ccy://RMG/UAH_TCXF,16,2024-09-02,NaN,Error,cashModel,cashModel,N/A,N/A,"Used unpermissioned time series of type Currency named ""UAH_TCXF""",false,2024-11-20T10:55:10.539884,false
ccy://RMG/AK6,16,2024-09-02,NaN,Error,cashModel,cashModel,N/A,N/A,"Used unpermissioned time series of type Currency named ""AK6""",false,2024-11-20T10:55:10.539884,false
ccy://RMG/EGP2,16,2024-09-02,NaN,Error,cashModel,cashModel,N/A,N/A,"Used unpermissioned time series of type Currency named ""EGP2""",false,2024-11-20T10:55:10.539884,false
ccy://RMG/UDIUSD,16,2024-09-02,NaN,Error,cashModel,cashModel,N/A,N/A,"Used unpermissioned time series of type Currency named ""UDIUSD""",false,2024-11-20T10:55:10.539884,false
ccy://RMG/COPT,16,2024-09-02,NaN,Error,cashModel,cashModel,N/A,N/A,"Used unpermissioned time series of type Currency named ""COPT""",false,2024-11-20T10:55:10.539884,false
ccy://RMG/JPYC,16,2024-09-02,NaN,Error,cashModel,cashModel,N/A,N/A,"Used unpermissioned time series of type Currency named ""JPYC""",false,2024-11-20T10:55:10.539884,false
ccy://RMG/BOCCAD,16,2024-09-02,NaN,Error,cashModel,cashModel,N/A,N/A,"Used unpermissioned time series of type Currency named ""BOCCAD""",false,2024-11-20T10:55:10.539884,false
ccy://RMG/MRU,16,2024-09-02,NaN,Success,cashModel,cashModel,N/A,N/A,,false,2024-11-20T10:55:10.539884,false
ccy://RMG/DEM,16,2024-09-02,NaN,Success,cashModel,cashModel,N/A,N/A,,false,2024-11-20T10:55:10.539884,false
ccy://RMG/BOCYER,16,2024-09-02,NaN,Error,cashModel,cashModel,N/A,N/A,"Used unpermissioned time series of type Currency named ""BOCYER""",false,2024-11-20T10:55:10.539884,false
ccy://RMG/BOCEGP,16,2024-09-02,NaN,Error,cashModel,cashModel,N/A,N/A,"Used unpermissioned time series of type Currency named ""BOCEGP""",false,2024-11-20T10:55:10.539884,false
ccy://RMG/MMK3,16,2024-09-02,NaN,Error,cashModel,cashModel,N/A,N/A,"Used unpermissioned time series of type Currency named ""MMK3""",false,2024-11-20T10:55:10.539884,false
ccy://RMG/ADXY,16,2024-09-02,NaN,Error,cashModel,cashModel,N/A,N/A,"Used unpermissioned time series of type Currency named ""ADXY""",false,2024-11-20T10:55:10.539884,false
ccy://RMG/PLN_LCH,16,2024-09-02,NaN,Error,cashModel,cashModel,N/A,N/A,"Used unpermissioned time series of type Currency named ""PLN_LCH""",false,2024-11-20T10:55:10.539884,false
ccy://RMG/SEK5,16,2024-09-02,NaN,Error,cashModel,cashModel,N/A,N/A,"Used unpermissioned time series of type Currency named ""SEK5""",false,2024-11-20T10:55:10.539884,false
ccy://RMG/CNH5,16,2024-09-02,NaN,Error,cashModel,cashModel,N/A,N/A,"Used unpermissioned time series of type Currency named ""CNH5""",false,2024-11-20T10:55:10.539884,false
ccy://RMG/BOCTND,16,2024-09-02,NaN,Error,cashModel,cashModel,N/A,N/A,"Used unpermissioned time series of type Currency named ""BOCTND""",false,2024-11-20T10:55:10.539884,false
ccy://RMG/BOCID1,16,2024-09-02,NaN,Error,cashModel,cashModel,N/A,N/A,"Used unpermissioned time series of type Currency named ""BOCID1""",false,2024-11-20T10:55:10.539884,false
ccy://RMG/BRL,16,2024-09-02,NaN,Success,cashModel,cashModel,N/A,N/A,,false,2024-11-20T10:55:10.539884,false
ccy://RMG/GTQ_TCXF,16,2024-09-02,NaN,Error,cashModel,cashModel,N/A,N/A,"Used unpermissioned time series of type Currency named ""GTQ_TCXF""",false,2024-11-20T10:55:10.539884,false
ccy://RMG/BCC_PLN1,16,2024-09-02,NaN,Error,cashModel,cashModel,N/A,N/A,"Used unpermissioned time series of type Currency named ""BCC_PLN1""",false,2024-11-20T10:55:10.539884,false
ccy://RMG/BZD,16,2024-09-02,NaN,Success,cashModel,cashModel,N/A,N/A,,false,2024-11-20T10:55:10.539884,false
ccy://RMG/AUAN1,16,2024-09-02,NaN,Error,cashModel,cashModel,N/A,N/A,"Used unpermissioned time series of type Currency named ""AUAN1""",false,2024-11-20T10:55:10.539884,false
ccy://RMG/EURUSD,16,2024-09-02,NaN,Error,cashModel,cashModel,N/A,N/A,"Used unpermissioned time series of type Currency named ""EURUSD""",false,2024-11-20T10:55:10.539884,false
ccy://RMG/NZDT,16,2024-09-02,NaN,Error,cashModel,cashModel,N/A,N/A,"Used unpermissioned time series of type Currency named ""NZDT""",false,2024-11-20T10:55:10.539884,false
ccy://RMG/BOCEUB,16,2024-09-02,NaN,Error,cashModel,cashModel,N/A,N/A,"Used unpermissioned time series of type Currency named ""BOCEUB""",false,2024-11-20T10:55:10.539884,false
ccy://RMG/BCC_MUR1,16,2024-09-02,NaN,Error,cashModel,cashModel,N/A,N/A,"Used unpermissioned time series of type Currency named ""BCC_MUR1""",false,2024-11-20T10:55:10.539884,false
ccy://RMG/BCC_CNY1,16,2024-09-02,NaN,Error,cashModel,cashModel,N/A,N/A,"Used unpermissioned time series of type Currency named ""BCC_CNY1""",false,2024-11-20T10:55:10.539884,false
ccy://RMG/XLM1,16,2024-09-02,NaN,Error,cashModel,cashModel,N/A,N/A,"Used unpermissioned time series of type Currency named ""XLM1""",false,2024-11-20T10:55:10.539884,false
ccy://RMG/NPR_TCXF,16,2024-09-02,NaN,Error,cashModel,cashModel,N/A,N/A,"Used unpermissioned time series of type Currency named ""NPR_TCXF""",false,2024-11-20T10:55:10.539884,false
(102457:2583)-328,16,2024-09-02,NaN,Error,equityModel,equityModel,N/A,N/A,"Unknown equity time series named ""845467109""",false,2024-11-20T10:55:23.209277,false
ccy://RMG/CNY_TCXF,10,2024-09-02,NaN,Error,cashModel,cashModel,N/A,N/A,"Used unpermissioned time series of type Currency named ""CNY_TCXF""",false,2024-11-20T10:55:10.533748500,false
ccy://RMG/CAD,10,2024-09-02,NaN,Success,cashModel,cashModel,N/A,N/A,,false,2024-11-20T10:55:10.533748500,false
ccy://RMG/AK19,10,2024-09-02,NaN,Error,cashModel,cashModel,N/A,N/A,"Used unpermissioned time series of type Currency named ""AK19""",false,2024-11-20T10:55:10.533748500,false
ccy://RMG/EGP,10,2024-09-02,NaN,Success,cashModel,cashModel,N/A,N/A,,false,2024-11-20T10:55:10.533748500,false
ccy://RMG/BCC_KWD1,10,2024-09-02,NaN,Error,cashModel,cashModel,N/A,N/A,"Used unpermissioned time series of type Currency named ""BCC_KWD1""",false,2024-11-20T10:55:10.533748500,false
ccy://RMG/BOCPLD,10,2024-09-02,NaN,Error,cashModel,cashModel,N/A,N/A,"Used unpermissioned time series of type Currency named ""BOCPLD""",false,2024-11-20T10:55:10.533748500,false
ccy://RMG/AK37,10,2024-09-02,NaN,Error,cashModel,cashModel,N/A,N/A,"Used unpermissioned time series of type Currency named ""AK37""",false,2024-11-20T10:55:10.533748500,false
ccy://RMG/QR_AUD,10,2024-09-02,NaN,Error,cashModel,cashModel,N/A,N/A,"Used unpermissioned time series of type Currency named ""QR_AUD""",false,2024-11-20T10:55:10.539884,false
ccy://RMG/SPXCO1,10,2024-09-02,NaN,Error,cashModel,cashModel,N/A,N/A,"Used unpermissioned time series of type Currency named ""SPXCO1""",false,2024-11-20T10:55:10.539884,false
ccy://RMG/AU2,10,2024-09-02,NaN,Error,cashModel,cashModel,N/A,N/A,"Used unpermissioned time series of type Currency named ""AU2""",false,2024-11-20T10:55:10.539884,false
ccy://RMG/EGP_TCXF,10,2024-09-02,NaN,Error,cashModel,cashModel,N/A,N/A,"Used unpermissioned time series of type Currency named ""EGP_TCXF""",false,2024-11-20T10:55:10.539884,false
ccy://RMG/XS1,10,2024-09-02,NaN,Error,cashModel,cashModel,N/A,N/A,"Used unpermissioned time series of type Currency named ""XS1""",false,2024-11-20T10:55:10.539884,false
ccy://RMG/THB_SL,10,2024-09-02,NaN,Error,cashModel,cashModel,N/A,N/A,"Used unpermissioned time series of type Currency named ""THB_SL""",false,2024-11-20T10:55:10.539884,false
ccy://RMG/IDR5,10,2024-09-02,NaN,Error,cashModel,cashModel,N/A,N/A,"Used unpermissioned time series of type Currency named ""IDR5""",false,2024-11-20T10:55:10.539884,false
ccy://RMG/ETH3,10,2024-09-02,NaN,Error,cashModel,cashModel,N/A,N/A,"Used unpermissioned time series of type Currency named ""ETH3""",false,2024-11-20T10:55:10.539884,false
ccy://RMG/HKD3,10,2024-09-02,NaN,Error,cashModel,cashModel,N/A,N/A,"Used unpermissioned time series of type Currency named ""HKD3""",false,2024-11-20T10:55:10.539884,false
ccy://RMG/DCR1,10,2024-09-02,NaN,Error,cashModel,cashModel,N/A,N/A,"Used unpermissioned time series of type Currency named ""DCR1""",false,2024-11-20T10:55:10.539884,false
ccy://RMG/PKR1,10,2024-09-02,NaN,Error,cashModel,cashModel,N/A,N/A,"Used unpermissioned time series of type Currency named ""PKR1""",false,2024-11-20T10:55:10.539884,false
ccy://RMG/MKD,10,2024-09-02,NaN,Success,cashModel,cashModel,N/A,N/A,,false,2024-11-20T10:55:10.539884,false
ccy://RMG/NOKT,10,2024-09-02,NaN,Error,cashModel,cashModel,N/A,N/A,"Used unpermissioned time series of type Currency named ""NOKT""",false,2024-11-20T10:55:10.539884,false
ccy://RMG/ARS,10,2024-09-02,NaN,Success,cashModel,cashModel,N/A,N/A,,false,2024-11-20T10:55:10.539884,false
ccy://RMG/FXAUD,10,2024-09-02,NaN,Error,cashModel,cashModel,N/A,N/A,"Used unpermissioned time series of type Currency named ""FXAUD""",false,2024-11-20T10:55:10.539884,false
ccy://RMG/TND,10,2024-09-02,NaN,Success,cashModel,cashModel,N/A,N/A,,false,2024-11-20T10:55:10.539884,false
ccy://RMG/THBT,10,2024-09-02,NaN,Error,cashModel,cashModel,N/A,N/A,"Used unpermissioned time series of type Currency named ""THBT""",false,2024-11-20T10:55:10.539884,false
ccy://RMG/LBP_SL,10,2024-09-02,NaN,Error,cashModel,cashModel,N/A,N/A,"Used unpermissioned time series of type Currency named ""LBP_SL""",false,2024-11-20T10:55:10.539884,false
ccy://RMG/GBPKT,10,2024-09-02,NaN,Error,cashModel,cashModel,N/A,N/A,"Used unpermissioned time series of type Currency named ""GBPKT""",false,2024-11-20T10:55:10.539884,false
ccy://RMG/LTC1,10,2024-09-02,NaN,Error,cashModel,cashModel,N/A,N/A,"Used unpermissioned time series of type Currency named ""LTC1""",false,2024-11-20T10:55:10.539884,false
ccy://RMG/YER,10,2024-09-02,NaN,Success,cashModel,cashModel,N/A,N/A,,false,2024-11-20T10:55:10.539884,false
ccy://RMG/BOCBRL,10,2024-09-02,NaN,Error,cashModel,cashModel,N/A,N/A,"Used unpermissioned time series of type Currency named ""BOCBRL""",false,2024-11-20T10:55:10.539884,false
ccy://RMG/XMAUSD,10,2024-09-02,NaN,Success,cashModel,cashModel,N/A,N/A,"Holding ""ccy://RMG/XMAUSD"", has filled time series for valuation spec with statistics start date 20230903, statistics end date 20240902, and pricing date 20240902.  Filled time series descriptions:  Time series ""XMAUSD"" is backfilled or forward filled; earliest time series observation date is 20190821; latest time series observation date is 20221124; time series is flat filled; DATA ON THE PRICING DATE HAS BEEN FILLED FOR THIS TIME SERIES.",false,2024-11-20T10:55:10.539884,false
ccy://RMG/HNL_TCXF,10,2024-09-02,NaN,Error,cashModel,cashModel,N/A,N/A,"Used unpermissioned time series of type Currency named ""HNL_TCXF""",false,2024-11-20T10:55:10.539884,false
ccy://RMG/ZAR1,10,2024-09-02,NaN,Error,cashModel,cashModel,N/A,N/A,"Used unpermissioned time series of type Currency named ""ZAR1""",false,2024-11-20T10:55:10.539884,false
ccy://RMG/JPY5,10,2024-09-02,NaN,Error,cashModel,cashModel,N/A,N/A,"Used unpermissioned time series of type Currency named ""JPY5""",false,2024-11-20T10:55:10.539884,false
ccy://RMG/BOCZMW,10,2024-09-02,NaN,Error,cashModel,cashModel,N/A,N/A,"Used unpermissioned time series of type Currency named ""BOCZMW""",false,2024-11-20T10:55:10.539884,false
ccy://RMG/NZD2,10,2024-09-02,NaN,Error,cashModel,cashModel,N/A,N/A,"Used unpermissioned time series of type Currency named ""NZD2""",false,2024-11-20T10:55:10.539884,false
ccy://RMG/WCB,10,2024-09-02,NaN,Error,cashModel,cashModel,N/A,N/A,"Used unpermissioned time series of type Currency named ""WCB""",false,2024-11-20T10:55:10.539884,false
ccy://RMG/FIM,10,2024-09-02,NaN,Success,cashModel,cashModel,N/A,N/A,,false,2024-11-20T10:55:10.539884,false
ccy://RMG/CNY4,10,2024-09-02,NaN,Error,cashModel,cashModel,N/A,N/A,"Used unpermissioned time series of type Currency named ""CNY4""",false,2024-11-20T10:55:10.539884,false
ccy://RMG/PYG,10,2024-09-02,NaN,Success,cashModel,cashModel,N/A,N/A,,false,2024-11-20T10:55:10.539884,false
ccy://RMG/XAC,10,2024-09-02,NaN,Error,cashModel,cashModel,N/A,N/A,"Used unpermissioned time series of type Currency named ""XAC""",false,2024-11-20T10:55:10.539884,false
ccy://RMG/BCC_SAR1,10,2024-09-02,NaN,Error,cashModel,cashModel,N/A,N/A,"Used unpermissioned time series of type Currency named ""BCC_SAR1""",false,2024-11-20T10:55:10.539884,false
ccy://RMG/NOK_SL,10,2024-09-02,NaN,Error,cashModel,cashModel,N/A,N/A,"Used unpermissioned time series of type Currency named ""NOK_SL""",false,2024-11-20T10:55:10.539884,false
ccy://RMG/BCC_MAD1,10,2024-09-02,NaN,Error,cashModel,cashModel,N/A,N/A,"Used unpermissioned time series of type Currency named ""BCC_MAD1""",false,2024-11-20T10:55:10.539884,false
ccy://RMG/XDTUSD,10,2024-09-02,NaN,Success,cashModel,cashModel,N/A,N/A,"Holding ""ccy://RMG/XDTUSD"", has filled time series for valuation spec with statistics start date 20230903, statistics end date 20240902, and pricing date 20240902.  Filled time series descriptions:  Time series ""XDTUSD"" is backfilled or forward filled; earliest time series observation date is 20200820; latest time series observation date is 20221124; time series is flat filled; DATA ON THE PRICING DATE HAS BEEN FILLED FOR THIS TIME SERIES.",false,2024-11-20T10:55:10.539884,false
ccy://RMG/XAG4,10,2024-09-02,NaN,Error,cashModel,cashModel,N/A,N/A,"Used unpermissioned time series of type Currency named ""XAG4""",false,2024-11-20T10:55:10.539884,false
ccy://RMG/BOCUSB,10,2024-09-02,NaN,Error,cashModel,cashModel,N/A,N/A,"Used unpermissioned time series of type Currency named ""BOCUSB""",false,2024-11-20T10:55:10.539884,false
ccy://RMG/AIO1,10,2024-09-02,NaN,Error,cashModel,cashModel,N/A,N/A,"Used unpermissioned time series of type Currency named ""AIO1""",false,2024-11-20T10:55:10.539884,false
ccy://RMG/SIT,10,2024-09-02,NaN,Success,cashModel,cashModel,N/A,N/A,,false,2024-11-20T10:55:10.539884,false
ccy://RMG/BOCWST,10,2024-09-02,NaN,Error,cashModel,cashModel,N/A,N/A,"Used unpermissioned time series of type Currency named ""BOCWST""",false,2024-11-20T10:55:10.539884,false
ccy://RMG/BOCKRW,10,2024-09-02,NaN,Error,cashModel,cashModel,N/A,N/A,"Used unpermissioned time series of type Currency named ""BOCKRW""",false,2024-11-20T10:55:10.539884,false
(102457:2583)-289,10,2024-09-02,NaN,Success,equityModel,equityModel,N/A,N/A,,false,2024-11-20T10:55:23.209277,false
(102457:2583)-315,10,2024-09-02,NaN,Success,equityModel,equityModel,N/A,N/A,,false,2024-11-20T10:55:23.209277,false
(102457:2583)-333,10,2024-09-02,NaN,Success,equityModel,equityModel,N/A,N/A,,false,2024-11-20T10:55:23.209277,false
ccy://RMG/CHF4,5,2024-09-02,NaN,Error,cashModel,cashModel,N/A,N/A,"Used unpermissioned time series of type Currency named ""CHF4""",false,2024-11-20T10:55:10.533748500,false
ccy://RMG/FKC1,5,2024-09-02,NaN,Success,cashModel,cashModel,N/A,N/A,"Holding ""ccy://RMG/FKC1"", has filled time series for valuation spec with statistics start date 20230903, statistics end date 20240902, and pricing date 20240902.  Filled time series descriptions:  Time series ""FKC1"" is backfilled or forward filled; earliest time series observation date is 20101105; latest time series observation date is 20101117; time series is flat filled; DATA ON THE PRICING DATE HAS BEEN FILLED FOR THIS TIME SERIES.",false,2024-11-20T10:55:10.533748500,false
ccy://RMG/HKD8,5,2024-09-02,NaN,Success,cashModel,cashModel,N/A,N/A,"Holding ""ccy://RMG/HKD8"", has filled time series for valuation spec with statistics start date 20230903, statistics end date 20240902, and pricing date 20240902.  Filled time series descriptions:  Time series ""HKD8"" is backfilled or forward filled; earliest time series observation date is 20020703; latest time series observation date is 20111109; time series is flat filled; DATA ON THE PRICING DATE HAS BEEN FILLED FOR THIS TIME SERIES.",false,2024-11-20T10:55:10.539884,false
ccy://RMG/SLL,5,2024-09-02,NaN,Success,cashModel,cashModel,N/A,N/A,,false,2024-11-20T10:55:10.539884,false
ccy://RMG/SAR3,5,2024-09-02,NaN,Error,cashModel,cashModel,N/A,N/A,"Used unpermissioned time series of type Currency named ""SAR3""",false,2024-11-20T10:55:10.539884,false
ccy://RMG/XARUSD,5,2024-09-02,NaN,Success,cashModel,cashModel,N/A,N/A,"Holding ""ccy://RMG/XARUSD"", has filled time series for valuation spec with statistics start date 20230903, statistics end date 20240902, and pricing date 20240902.  Filled time series descriptions:  Time series ""XARUSD"" is backfilled or forward filled; earliest time series observation date is 20201119; latest time series observation date is 20221124; time series is flat filled; DATA ON THE PRICING DATE HAS BEEN FILLED FOR THIS TIME SERIES.",false,2024-11-20T10:55:10.539884,false
ccy://RMG/BEF,5,2024-09-02,NaN,Success,cashModel,cashModel,N/A,N/A,,false,2024-11-20T10:55:10.539884,false
ccy://RMG/XA4,5,2024-09-02,NaN,Error,cashModel,cashModel,N/A,N/A,"Used unpermissioned time series of type Currency named ""XA4""",false,2024-11-20T10:55:10.539884,false
ccy://RMG/HBT1,5,2024-09-02,NaN,Error,cashModel,cashModel,N/A,N/A,"Used unpermissioned time series of type Currency named ""HBT1""",false,2024-11-20T10:55:10.539884,false
ccy://RMG/MYR5,5,2024-09-02,NaN,Error,cashModel,cashModel,N/A,N/A,"Used unpermissioned time series of type Currency named ""MYR5""",false,2024-11-20T10:55:10.539884,false
ccy://RMG/NOK1,5,2024-09-02,NaN,Error,cashModel,cashModel,N/A,N/A,"Used unpermissioned time series of type Currency named ""NOK1""",false,2024-11-20T10:55:10.539884,false
ccy://RMG/KWD3,5,2024-09-02,NaN,Error,cashModel,cashModel,N/A,N/A,"Used unpermissioned time series of type Currency named ""KWD3""",false,2024-11-20T10:55:10.539884,false
ccy://RMG/UNRUSD,5,2024-09-02,NaN,Error,cashModel,cashModel,N/A,N/A,"Used unpermissioned time series of type Currency named ""UNRUSD""",false,2024-11-20T10:55:10.539884,false
ccy://RMG/BAUA,5,2024-09-02,NaN,Error,cashModel,cashModel,N/A,N/A,"Used unpermissioned time series of type Currency named ""BAUA""",false,2024-11-20T10:55:10.539884,false
ccy://RMG/TWD4,5,2024-09-02,NaN,Error,cashModel,cashModel,N/A,N/A,"Used unpermissioned time series of type Currency named ""TWD4""",false,2024-11-20T10:55:10.539884,false
ccy://RMG/THO,5,2024-09-02,NaN,Success,cashModel,cashModel,N/A,N/A,,false,2024-11-20T10:55:10.539884,false
ccy://RMG/CNHT,5,2024-09-02,NaN,Error,cashModel,cashModel,N/A,N/A,"Used unpermissioned time series of type Currency named ""CNHT""",false,2024-11-20T10:55:10.539884,false
ccy://RMG/BCC_BEF1,5,2024-09-02,NaN,Error,cashModel,cashModel,N/A,N/A,"Used unpermissioned time series of type Currency named ""BCC_BEF1""",false,2024-11-20T10:55:10.539884,false
ccy://RMG/GBP_TCXF,5,2024-09-02,NaN,Error,cashModel,cashModel,N/A,N/A,"Used unpermissioned time series of type Currency named ""GBP_TCXF""",false,2024-11-20T10:55:10.539884,false
ccy://RMG/THB1,5,2024-09-02,NaN,Error,cashModel,cashModel,N/A,N/A,"Used unpermissioned time series of type Currency named ""THB1""",false,2024-11-20T10:55:10.539884,false
ccy://RMG/GBPT,5,2024-09-02,NaN,Error,cashModel,cashModel,N/A,N/A,"Used unpermissioned time series of type Currency named ""GBPT""",false,2024-11-20T10:55:10.539884,false
ccy://RMG/HKDUSD,5,2024-09-02,NaN,Error,cashModel,cashModel,N/A,N/A,"Used unpermissioned time series of type Currency named ""HKDUSD""",false,2024-11-20T10:55:10.539884,false
ccy://RMG/AK23,5,2024-09-02,NaN,Error,cashModel,cashModel,N/A,N/A,"Used unpermissioned time series of type Currency named ""AK23""",false,2024-11-20T10:55:10.539884,false
ccy://RMG/XTD3,5,2024-09-02,NaN,Error,cashModel,cashModel,N/A,N/A,"Used unpermissioned time series of type Currency named ""XTD3""",false,2024-11-20T10:55:10.539884,false
ccy://RMG/BOCBR3,5,2024-09-02,NaN,Error,cashModel,cashModel,N/A,N/A,"Used unpermissioned time series of type Currency named ""BOCBR3""",false,2024-11-20T10:55:10.539884,false
ccy://RMG/UST1,5,2024-09-02,NaN,Error,cashModel,cashModel,N/A,N/A,"Used unpermissioned time series of type Currency named ""UST1""",false,2024-11-20T10:55:10.539884,false
ccy://RMG/HUFT,5,2024-09-02,NaN,Error,cashModel,cashModel,N/A,N/A,"Used unpermissioned time series of type Currency named ""HUFT""",false,2024-11-20T10:55:10.539884,false
ccy://RMG/USCUSD,5,2024-09-02,NaN,Success,cashModel,cashModel,N/A,N/A,"Holding ""ccy://RMG/USCUSD"", has filled time series for valuation spec with statistics start date 20230903, statistics end date 20240902, and pricing date 20240902.  Filled time series descriptions:  Time series ""USCUSD"" is backfilled or forward filled; earliest time series observation date is 20181010; latest time series observation date is 20221124; time series is flat filled; DATA ON THE PRICING DATE HAS BEEN FILLED FOR THIS TIME SERIES.",false,2024-11-20T10:55:10.539884,false
ccy://RMG/TRY,5,2024-09-02,NaN,Success,cashModel,cashModel,N/A,N/A,,false,2024-11-20T10:55:10.539884,false
ccy://RMG/XOF_SL,5,2024-09-02,NaN,Error,cashModel,cashModel,N/A,N/A,"Used unpermissioned time series of type Currency named ""XOF_SL""",false,2024-11-20T10:55:10.539884,false
ccy://RMG/SEKT,5,2024-09-02,NaN,Error,cashModel,cashModel,N/A,N/A,"Used unpermissioned time series of type Currency named ""SEKT""",false,2024-11-20T10:55:10.539884,false
ccy://RMG/PKR_SL,5,2024-09-02,NaN,Error,cashModel,cashModel,N/A,N/A,"Used unpermissioned time series of type Currency named ""PKR_SL""",false,2024-11-20T10:55:10.539884,false
ccy://RMG/JPY_LCH,5,2024-09-02,NaN,Error,cashModel,cashModel,N/A,N/A,"Used unpermissioned time series of type Currency named ""JPY_LCH""",false,2024-11-20T10:55:10.539884,false
ccy://RMG/BOCMNT,5,2024-09-02,NaN,Error,cashModel,cashModel,N/A,N/A,"Used unpermissioned time series of type Currency named ""BOCMNT""",false,2024-11-20T10:55:10.539884,false
ccy://RMG/FXJPY,5,2024-09-02,NaN,Error,cashModel,cashModel,N/A,N/A,"Used unpermissioned time series of type Currency named ""FXJPY""",false,2024-11-20T10:55:10.539884,false
ccy://RMG/QR_JPY,5,2024-09-02,NaN,Error,cashModel,cashModel,N/A,N/A,"Used unpermissioned time series of type Currency named ""QR_JPY""",false,2024-11-20T10:55:10.539884,false
ccy://RMG/CLP_TCXF,5,2024-09-02,NaN,Error,cashModel,cashModel,N/A,N/A,"Used unpermissioned time series of type Currency named ""CLP_TCXF""",false,2024-11-20T10:55:10.539884,false
ccy://RMG/XTZ1,5,2024-09-02,NaN,Error,cashModel,cashModel,N/A,N/A,"Used unpermissioned time series of type Currency named ""XTZ1""",false,2024-11-20T10:55:10.539884,false
ccy://RMG/KHR_TCXF,5,2024-09-02,NaN,Error,cashModel,cashModel,N/A,N/A,"Used unpermissioned time series of type Currency named ""KHR_TCXF""",false,2024-11-20T10:55:10.539884,false
ccy://RMG/AGA2,5,2024-09-02,NaN,Error,cashModel,cashModel,N/A,N/A,"Used unpermissioned time series of type Currency named ""AGA2""",false,2024-11-20T10:55:10.539884,false
ccy://RMG/BGNUSD,5,2024-09-02,NaN,Error,cashModel,cashModel,N/A,N/A,"Used unpermissioned time series of type Currency named ""BGNUSD""",false,2024-11-20T10:55:10.539884,false
ccy://RMG/XFWUSD,5,2024-09-02,NaN,Success,cashModel,cashModel,N/A,N/A,"Holding ""ccy://RMG/XFWUSD"", has filled time series for valuation spec with statistics start date 20230903, statistics end date 20240902, and pricing date 20240902.  Filled time series descriptions:  Time series ""XFWUSD"" is backfilled or forward filled; earliest time series observation date is 20210127; latest time series observation date is 20221124; time series is flat filled; DATA ON THE PRICING DATE HAS BEEN FILLED FOR THIS TIME SERIES.",false,2024-11-20T10:55:10.539884,false
ccy://RMG/BCC_TRY1,5,2024-09-02,NaN,Error,cashModel,cashModel,N/A,N/A,"Used unpermissioned time series of type Currency named ""BCC_TRY1""",false,2024-11-20T10:55:10.539884,false
(102457:2583)-301,5,2024-09-02,NaN,Success,equityModel,equityModel,N/A,N/A,,false,2024-11-20T10:55:23.209277,false
(102457:2583)-293,5,2024-09-02,NaN,Success,equityModel,equityModel,N/A,N/A,,false,2024-11-20T10:55:23.209277,false
ccy://RMG/GLB,7,2024-09-02,NaN,Error,cashModel,cashModel,N/A,N/A,"Used unpermissioned time series of type Currency named ""GLB""",false,2024-11-20T10:55:10.533748500,false
ccy://RMG/ETW1,7,2024-09-02,NaN,Error,cashModel,cashModel,N/A,N/A,"Used unpermissioned time series of type Currency named ""ETW1""",false,2024-11-20T10:55:10.533748500,false
ccy://RMG/INR,7,2024-09-02,NaN,Success,cashModel,cashModel,N/A,N/A,,false,2024-11-20T10:55:10.533748500,false
ccy://RMG/DOP_TCXF,7,2024-09-02,NaN,Error,cashModel,cashModel,N/A,N/A,"Used unpermissioned time series of type Currency named ""DOP_TCXF""",false,2024-11-20T10:55:10.533748500,false
ccy://RMG/CATS,7,2024-09-02,NaN,Error,cashModel,cashModel,N/A,N/A,"Used unpermissioned time series of type Currency named ""CATS""",false,2024-11-20T10:55:10.533748500,false
ccy://RMG/IQ1,7,2024-09-02,NaN,Error,cashModel,cashModel,N/A,N/A,"Used unpermissioned time series of type Currency named ""IQ1""",false,2024-11-20T10:55:10.533748500,false
ccy://RMG/KZT2,7,2024-09-02,NaN,Error,cashModel,cashModel,N/A,N/A,"Used unpermissioned time series of type Currency named ""KZT2""",false,2024-11-20T10:55:10.533748500,false
ccy://RMG/CHF2,7,2024-09-02,NaN,Error,cashModel,cashModel,N/A,N/A,"Used unpermissioned time series of type Currency named ""CHF2""",false,2024-11-20T10:55:10.533748500,false
ccy://RMG/JMD_SL,7,2024-09-02,NaN,Error,cashModel,cashModel,N/A,N/A,"Used unpermissioned time series of type Currency named ""JMD_SL""",false,2024-11-20T10:55:10.533748500,false
ccy://RMG/ALL_TCXF,7,2024-09-02,NaN,Error,cashModel,cashModel,N/A,N/A,"Used unpermissioned time series of type Currency named ""ALL_TCXF""",false,2024-11-20T10:55:10.533748500,false
ccy://RMG/ABC3,7,2024-09-02,NaN,Error,cashModel,cashModel,N/A,N/A,"Used unpermissioned time series of type Currency named ""ABC3""",false,2024-11-20T10:55:10.533748500,false
ccy://RMG/BCC_ITL1,7,2024-09-02,NaN,Error,cashModel,cashModel,N/A,N/A,"Used unpermissioned time series of type Currency named ""BCC_ITL1""",false,2024-11-20T10:55:10.539884,false
ccy://RMG/TRYT,7,2024-09-02,NaN,Error,cashModel,cashModel,N/A,N/A,"Used unpermissioned time series of type Currency named ""TRYT""",false,2024-11-20T10:55:10.539884,false
ccy://RMG/BOCNAD,7,2024-09-02,NaN,Error,cashModel,cashModel,N/A,N/A,"Used unpermissioned time series of type Currency named ""BOCNAD""",false,2024-11-20T10:55:10.539884,false
ccy://RMG/MYR3,7,2024-09-02,NaN,Error,cashModel,cashModel,N/A,N/A,"Used unpermissioned time series of type Currency named ""MYR3""",false,2024-11-20T10:55:10.539884,false
ccy://RMG/SAR1,7,2024-09-02,NaN,Error,cashModel,cashModel,N/A,N/A,"Used unpermissioned time series of type Currency named ""SAR1""",false,2024-11-20T10:55:10.539884,false
ccy://RMG/BOCPH1,7,2024-09-02,NaN,Error,cashModel,cashModel,N/A,N/A,"Used unpermissioned time series of type Currency named ""BOCPH1""",false,2024-11-20T10:55:10.539884,false
ccy://RMG/PTE,7,2024-09-02,NaN,Success,cashModel,cashModel,N/A,N/A,,false,2024-11-20T10:55:10.539884,false
ccy://RMG/CLF,7,2024-09-02,NaN,Success,cashModel,cashModel,N/A,N/A,,false,2024-11-20T10:55:10.539884,false
ccy://RMG/XA2,7,2024-09-02,NaN,Error,cashModel,cashModel,N/A,N/A,"Used unpermissioned time series of type Currency named ""XA2""",false,2024-11-20T10:55:10.539884,false
ccy://RMG/BOCISK,7,2024-09-02,NaN,Error,cashModel,cashModel,N/A,N/A,"Used unpermissioned time series of type Currency named ""BOCISK""",false,2024-11-20T10:55:10.539884,false
ccy://RMG/XPD5,7,2024-09-02,NaN,Error,cashModel,cashModel,N/A,N/A,"Used unpermissioned time series of type Currency named ""XPD5""",false,2024-11-20T10:55:10.539884,false
ccy://RMG/PTA2,7,2024-09-02,NaN,Error,cashModel,cashModel,N/A,N/A,"Used unpermissioned time series of type Currency named ""PTA2""",false,2024-11-20T10:55:10.539884,false
ccy://RMG/SEK_LCH,7,2024-09-02,NaN,Error,cashModel,cashModel,N/A,N/A,"Used unpermissioned time series of type Currency named ""SEK_LCH""",false,2024-11-20T10:55:10.539884,false
ccy://RMG/KRO5,7,2024-09-02,NaN,Error,cashModel,cashModel,N/A,N/A,"Used unpermissioned time series of type Currency named ""KRO5""",false,2024-11-20T10:55:10.539884,false
ccy://RMG/AZN,7,2024-09-02,NaN,Success,cashModel,cashModel,N/A,N/A,,false,2024-11-20T10:55:10.539884,false
ccy://RMG/KZT_TCXF,7,2024-09-02,NaN,Error,cashModel,cashModel,N/A,N/A,"Used unpermissioned time series of type Currency named ""KZT_TCXF""",false,2024-11-20T10:55:10.539884,false
ccy://RMG/AOA_TCXF,7,2024-09-02,NaN,Error,cashModel,cashModel,N/A,N/A,"Used unpermissioned time series of type Currency named ""AOA_TCXF""",false,2024-11-20T10:55:10.539884,false
ccy://RMG/MXN_TCXF,7,2024-09-02,NaN,Error,cashModel,cashModel,N/A,N/A,"Used unpermissioned time series of type Currency named ""MXN_TCXF""",false,2024-11-20T10:55:10.539884,false
ccy://RMG/XCD,7,2024-09-02,NaN,Success,cashModel,cashModel,N/A,N/A,,false,2024-11-20T10:55:10.539884,false
ccy://RMG/UYU_SL,7,2024-09-02,NaN,Error,cashModel,cashModel,N/A,N/A,"Used unpermissioned time series of type Currency named ""UYU_SL""",false,2024-11-20T10:55:10.539884,false
ccy://RMG/BOCPAB,7,2024-09-02,NaN,Error,cashModel,cashModel,N/A,N/A,"Used unpermissioned time series of type Currency named ""BOCPAB""",false,2024-11-20T10:55:10.539884,false
ccy://RMG/SRD,7,2024-09-02,NaN,Success,cashModel,cashModel,N/A,N/A,,false,2024-11-20T10:55:10.539884,false
ccy://RMG/TWD_SL,7,2024-09-02,NaN,Error,cashModel,cashModel,N/A,N/A,"Used unpermissioned time series of type Currency named ""TWD_SL""",false,2024-11-20T10:55:10.539884,false
ccy://RMG/HBR1,7,2024-09-02,NaN,Error,cashModel,cashModel,N/A,N/A,"Used unpermissioned time series of type Currency named ""HBR1""",false,2024-11-20T10:55:10.539884,false
ccy://RMG/AK21,7,2024-09-02,NaN,Error,cashModel,cashModel,N/A,N/A,"Used unpermissioned time series of type Currency named ""AK21""",false,2024-11-20T10:55:10.539884,false
ccy://RMG/CIEP,7,2024-09-02,NaN,Error,cashModel,cashModel,N/A,N/A,"Used unpermissioned time series of type Currency named ""CIEP""",false,2024-11-20T10:55:10.539884,false
ccy://RMG/BCC_PTE1,7,2024-09-02,NaN,Error,cashModel,cashModel,N/A,N/A,"Used unpermissioned time series of type Currency named ""BCC_PTE1""",false,2024-11-20T10:55:10.539884,false
ccy://RMG/NIKKEI,7,2024-09-02,NaN,Success,cashModel,cashModel,N/A,N/A,"Holding ""ccy://RMG/NIKKEI"", has filled time series for valuation spec with statistics start date 20230903, statistics end date 20240902, and pricing date 20240902.  Filled time series descriptions:  Time series ""NIKKEI"" is backfilled or forward filled; earliest time series observation date is 20120801; latest time series observation date is 20140806; time series is flat filled; DATA ON THE PRICING DATE HAS BEEN FILLED FOR THIS TIME SERIES.",false,2024-11-20T10:55:10.539884,false
ccy://RMG/SDR,7,2024-09-02,NaN,Error,cashModel,cashModel,N/A,N/A,"Used unpermissioned time series of type Currency named ""SDR""",false,2024-11-20T10:55:10.539884,false
ccy://RMG/TWD2,7,2024-09-02,NaN,Error,cashModel,cashModel,N/A,N/A,"Used unpermissioned time series of type Currency named ""TWD2""",false,2024-11-20T10:55:10.539884,false
ccy://RMG/SEKCurncy,7,2024-09-02,NaN,Error,cashModel,cashModel,N/A,N/A,"Used unpermissioned time series of type Currency named ""SEKCurncy""",false,2024-11-20T10:55:10.539884,false
ccy://RMG/TOP,7,2024-09-02,NaN,Success,cashModel,cashModel,N/A,N/A,,false,2024-11-20T10:55:10.539884,false
ccy://RMG/NZD5,7,2024-09-02,NaN,Error,cashModel,cashModel,N/A,N/A,"Used unpermissioned time series of type Currency named ""NZD5""",false,2024-11-20T10:55:10.539884,false
ccy://RMG/BOCBMD,7,2024-09-02,NaN,Error,cashModel,cashModel,N/A,N/A,"Used unpermissioned time series of type Currency named ""BOCBMD""",false,2024-11-20T10:55:10.539884,false
ccy://RMG/ZRX1,7,2024-09-02,NaN,Error,cashModel,cashModel,N/A,N/A,"Used unpermissioned time series of type Currency named ""ZRX1""",false,2024-11-20T10:55:10.539884,false
ccy://RMG/XTD1,7,2024-09-02,NaN,Error,cashModel,cashModel,N/A,N/A,"Used unpermissioned time series of type Currency named ""XTD1""",false,2024-11-20T10:55:10.539884,false
ccy://RMG/BCC_XCD1,7,2024-09-02,NaN,Error,cashModel,cashModel,N/A,N/A,"Used unpermissioned time series of type Currency named ""BCC_XCD1""",false,2024-11-20T10:55:10.539884,false
ccy://RMG/XAF,7,2024-09-02,NaN,Success,cashModel,cashModel,N/A,N/A,,false,2024-11-20T10:55:10.539884,false
ccy://RMG/OE1USD,7,2024-09-02,NaN,Success,cashModel,cashModel,N/A,N/A,"Holding ""ccy://RMG/OE1USD"", has filled time series for valuation spec with statistics start date 20230903, statistics end date 20240902, and pricing date 20240902.  Filled time series descriptions:  Time series ""OE1USD"" is backfilled or forward filled; earliest time series observation date is 20151127; latest time series observation date is 20210708; time series is flat filled; DATA ON THE PRICING DATE HAS BEEN FILLED FOR THIS TIME SERIES.",false,2024-11-20T10:55:10.539884,false
ccy://RMG/IDR_TCXF,7,2024-09-02,NaN,Error,cashModel,cashModel,N/A,N/A,"Used unpermissioned time series of type Currency named ""IDR_TCXF""",false,2024-11-20T10:55:10.539884,false
ccy://RMG/JPY8,7,2024-09-02,NaN,Success,cashModel,cashModel,N/A,N/A,"Holding ""ccy://RMG/JPY8"", has filled time series for valuation spec with statistics start date 20230903, statistics end date 20240902, and pricing date 20240902.  Filled time series descriptions:  Time series ""JPY8"" is backfilled or forward filled; earliest time series observation date is 20020703; latest time series observation date is 20111109; time series is flat filled; DATA ON THE PRICING DATE HAS BEEN FILLED FOR THIS TIME SERIES.",false,2024-11-20T10:55:10.539884,false
ccy://RMG/ETC1,7,2024-09-02,NaN,Error,cashModel,cashModel,N/A,N/A,"Used unpermissioned time series of type Currency named ""ETC1""",false,2024-11-20T10:55:10.539884,false
ccy://RMG/AWG,7,2024-09-02,NaN,Success,cashModel,cashModel,N/A,N/A,,false,2024-11-20T10:55:10.539884,false
ccy://RMG/ITL,7,2024-09-02,NaN,Success,cashModel,cashModel,N/A,N/A,,false,2024-11-20T10:55:10.539884,false
ccy://RMG/KWD1,7,2024-09-02,NaN,Error,cashModel,cashModel,N/A,N/A,"Used unpermissioned time series of type Currency named ""KWD1""",false,2024-11-20T10:55:10.539884,false
ccy://RMG/BCC_INR1,7,2024-09-02,NaN,Error,cashModel,cashModel,N/A,N/A,"Used unpermissioned time series of type Currency named ""BCC_INR1""",false,2024-11-20T10:55:10.539884,false
ccy://RMG/ARB,7,2024-09-02,NaN,Error,cashModel,cashModel,N/A,N/A,"Used unpermissioned time series of type Currency named ""ARB""",false,2024-11-20T10:55:10.539884,false
ccy://RMG/SDY1,7,2024-09-02,NaN,Error,cashModel,cashModel,N/A,N/A,"Used unpermissioned time series of type Currency named ""SDY1""",false,2024-11-20T10:55:10.539884,false
ccy://RMG/TETUSD,7,2024-09-02,NaN,Success,cashModel,cashModel,N/A,N/A,"Holding ""ccy://RMG/TETUSD"", has filled time series for valuation spec with statistics start date 20230903, statistics end date 20240902, and pricing date 20240902.  Filled time series descriptions:  Time series ""TETUSD"" is backfilled or forward filled; earliest time series observation date is 20151127; latest time series observation date is 20221124; time series is flat filled; DATA ON THE PRICING DATE HAS BEEN FILLED FOR THIS TIME SERIES.",false,2024-11-20T10:55:10.539884,false
ccy://RMG/HKD_LCH,7,2024-09-02,NaN,Error,cashModel,cashModel,N/A,N/A,"Used unpermissioned time series of type Currency named ""HKD_LCH""",false,2024-11-20T10:55:10.539884,false
ccy://RMG/CHF_SL,7,2024-09-02,NaN,Error,cashModel,cashModel,N/A,N/A,"Used unpermissioned time series of type Currency named ""CHF_SL""",false,2024-11-20T10:55:10.539884,false
ccy://RMG/CNY7,7,2024-09-02,NaN,Success,cashModel,cashModel,N/A,N/A,"Holding ""ccy://RMG/CNY7"", has filled time series for valuation spec with statistics start date 20230903, statistics end date 20240902, and pricing date 20240902.  Filled time series descriptions:  Time series ""CNY7"" is backfilled or forward filled; earliest time series observation date is 20100101; latest time series observation date is 20141204; time series is flat filled; DATA ON THE PRICING DATE HAS BEEN FILLED FOR THIS TIME SERIES.",false,2024-11-20T10:55:10.539884,false
(102457:2583)-318,7,2024-09-02,NaN,Success,equityModel,equityModel,N/A,N/A,,false,2024-11-20T10:55:23.209277,false
(102457:2583)-291,7,2024-09-02,NaN,Success,equityModel,equityModel,N/A,N/A,,false,2024-11-20T10:55:23.209277,false
ccy://RMG/AK38,9,2024-09-02,NaN,Error,cashModel,cashModel,N/A,N/A,"Used unpermissioned time series of type Currency named ""AK38""",false,2024-11-20T10:55:10.533748500,false
ccy://RMG/ADA1,9,2024-09-02,NaN,Error,cashModel,cashModel,N/A,N/A,"Used unpermissioned time series of type Currency named ""ADA1""",false,2024-11-20T10:55:10.533748500,false
ccy://RMG/ABC1,9,2024-09-02,NaN,Error,cashModel,cashModel,N/A,N/A,"Used unpermissioned time series of type Currency named ""ABC1""",false,2024-11-20T10:55:10.533748500,false
ccy://RMG/BOCRUB,9,2024-09-02,NaN,Error,cashModel,cashModel,N/A,N/A,"Used unpermissioned time series of type Currency named ""BOCRUB""",false,2024-11-20T10:55:10.533748500,false
ccy://RMG/MXV,9,2024-09-02,NaN,Success,cashModel,cashModel,N/A,N/A,,false,2024-11-20T10:55:10.533748500,false
ccy://RMG/BOCRSD,9,2024-09-02,NaN,Error,cashModel,cashModel,N/A,N/A,"Used unpermissioned time series of type Currency named ""BOCRSD""",false,2024-11-20T10:55:10.533748500,false
ccy://RMG/MYR1,9,2024-09-02,NaN,Error,cashModel,cashModel,N/A,N/A,"Used unpermissioned time series of type Currency named ""MYR1""",false,2024-11-20T10:55:10.539884,false
ccy://RMG/CAD9,9,2024-09-02,NaN,Success,cashModel,cashModel,N/A,N/A,"Holding ""ccy://RMG/CAD9"", has filled time series for valuation spec with statistics start date 20230903, statistics end date 20240902, and pricing date 20240902.  Filled time series descriptions:  Time series ""CAD9"" is backfilled or forward filled; earliest time series observation date is 20180530; latest time series observation date is 20180531; time series is flat filled; DATA ON THE PRICING DATE HAS BEEN FILLED FOR THIS TIME SERIES.",false,2024-11-20T10:55:10.539884,false
ccy://RMG/BOCGBB,9,2024-09-02,NaN,Error,cashModel,cashModel,N/A,N/A,"Used unpermissioned time series of type Currency named ""BOCGBB""",false,2024-11-20T10:55:10.539884,false
ccy://RMG/XS2,9,2024-09-02,NaN,Error,cashModel,cashModel,N/A,N/A,"Used unpermissioned time series of type Currency named ""XS2""",false,2024-11-20T10:55:10.539884,false
ccy://RMG/CHFUSD,9,2024-09-02,NaN,Error,cashModel,cashModel,N/A,N/A,"Used unpermissioned time series of type Currency named ""CHFUSD""",false,2024-11-20T10:55:10.539884,false
ccy://RMG/BOCLYD,9,2024-09-02,NaN,Error,cashModel,cashModel,N/A,N/A,"Used unpermissioned time series of type Currency named ""BOCLYD""",false,2024-11-20T10:55:10.539884,false
ccy://RMG/PKR2,9,2024-09-02,NaN,Error,cashModel,cashModel,N/A,N/A,"Used unpermissioned time series of type Currency named ""PKR2""",false,2024-11-20T10:55:10.539884,false
ccy://RMG/HKD4,9,2024-09-02,NaN,Error,cashModel,cashModel,N/A,N/A,"Used unpermissioned time series of type Currency named ""HKD4""",false,2024-11-20T10:55:10.539884,false
ccy://RMG/RONUSD,9,2024-09-02,NaN,Error,cashModel,cashModel,N/A,N/A,"Used unpermissioned time series of type Currency named ""RONUSD""",false,2024-11-20T10:55:10.539884,false
ccy://RMG/BOCJPY,9,2024-09-02,NaN,Error,cashModel,cashModel,N/A,N/A,"Used unpermissioned time series of type Currency named ""BOCJPY""",false,2024-11-20T10:55:10.539884,false
ccy://RMG/INR_TCXF,9,2024-09-02,NaN,Error,cashModel,cashModel,N/A,N/A,"Used unpermissioned time series of type Currency named ""INR_TCXF""",false,2024-11-20T10:55:10.539884,false
ccy://RMG/BCC_JOD1,9,2024-09-02,NaN,Error,cashModel,cashModel,N/A,N/A,"Used unpermissioned time series of type Currency named ""BCC_JOD1""",false,2024-11-20T10:55:10.539884,false
ccy://RMG/CLNT.ABC.AB1,9,2024-09-02,NaN,Error,cashModel,cashModel,N/A,N/A,"Used unpermissioned time series of type Currency named ""CLNT.ABC.AB1""",false,2024-11-20T10:55:10.539884,false
ccy://RMG/COP3,9,2024-09-02,NaN,Error,cashModel,cashModel,N/A,N/A,"Used unpermissioned time series of type Currency named ""COP3""",false,2024-11-20T10:55:10.539884,false
ccy://RMG/BOCMXN,9,2024-09-02,NaN,Error,cashModel,cashModel,N/A,N/A,"Used unpermissioned time series of type Currency named ""BOCMXN""",false,2024-11-20T10:55:10.539884,false
ccy://RMG/ZAR_TCXF,9,2024-09-02,NaN,Error,cashModel,cashModel,N/A,N/A,"Used unpermissioned time series of type Currency named ""ZAR_TCXF""",false,2024-11-20T10:55:10.539884,false
ccy://RMG/BCC_ECU1,9,2024-09-02,NaN,Error,cashModel,cashModel,N/A,N/A,"Used unpermissioned time series of type Currency named ""BCC_ECU1""",false,2024-11-20T10:55:10.539884,false
ccy://RMG/ZAR2,9,2024-09-02,NaN,Error,cashModel,cashModel,N/A,N/A,"Used unpermissioned time series of type Currency named ""ZAR2""",false,2024-11-20T10:55:10.539884,false
ccy://RMG/NZD3,9,2024-09-02,NaN,Error,cashModel,cashModel,N/A,N/A,"Used unpermissioned time series of type Currency named ""NZD3""",false,2024-11-20T10:55:10.539884,false
ccy://RMG/CFIM,9,2024-09-02,NaN,Error,cashModel,cashModel,N/A,N/A,"Used unpermissioned time series of type Currency named ""CFIM""",false,2024-11-20T10:55:10.539884,false
ccy://RMG/BOCSKK,9,2024-09-02,NaN,Error,cashModel,cashModel,N/A,N/A,"Used unpermissioned time series of type Currency named ""BOCSKK""",false,2024-11-20T10:55:10.539884,false
ccy://RMG/XBT1,9,2024-09-02,NaN,Error,cashModel,cashModel,N/A,N/A,"Used unpermissioned time series of type Currency named ""XBT1""",false,2024-11-20T10:55:10.539884,false
ccy://RMG/HKDCurncy,9,2024-09-02,NaN,Error,cashModel,cashModel,N/A,N/A,"Used unpermissioned time series of type Currency named ""HKDCurncy""",false,2024-11-20T10:55:10.539884,false
ccy://RMG/XAG5,9,2024-09-02,NaN,Error,cashModel,cashModel,N/A,N/A,"Used unpermissioned time series of type Currency named ""XAG5""",false,2024-11-20T10:55:10.539884,false
ccy://RMG/CNHCurncy,9,2024-09-02,NaN,Error,cashModel,cashModel,N/A,N/A,"Used unpermissioned time series of type Currency named ""CNHCurncy""",false,2024-11-20T10:55:10.539884,false
ccy://RMG/JOD,9,2024-09-02,NaN,Success,cashModel,cashModel,N/A,N/A,,false,2024-11-20T10:55:10.539884,false
ccy://RMG/XOF_TCXF,9,2024-09-02,NaN,Error,cashModel,cashModel,N/A,N/A,"Used unpermissioned time series of type Currency named ""XOF_TCXF""",false,2024-11-20T10:55:10.539884,false
ccy://RMG/VEB_SL,9,2024-09-02,NaN,Error,cashModel,cashModel,N/A,N/A,"Used unpermissioned time series of type Currency named ""VEB_SL""",false,2024-11-20T10:55:10.539884,false
ccy://RMG/BOCBWP,9,2024-09-02,NaN,Error,cashModel,cashModel,N/A,N/A,"Used unpermissioned time series of type Currency named ""BOCBWP""",false,2024-11-20T10:55:10.539884,false
ccy://RMG/JOD_SL,9,2024-09-02,NaN,Error,cashModel,cashModel,N/A,N/A,"Used unpermissioned time series of type Currency named ""JOD_SL""",false,2024-11-20T10:55:10.539884,false
ccy://RMG/BOCEEK,9,2024-09-02,NaN,Error,cashModel,cashModel,N/A,N/A,"Used unpermissioned time series of type Currency named ""BOCEEK""",false,2024-11-20T10:55:10.539884,false
ccy://RMG/XDR1,9,2024-09-02,NaN,Error,cashModel,cashModel,N/A,N/A,"Used unpermissioned time series of type Currency named ""XDR1""",false,2024-11-20T10:55:10.539884,false
ccy://RMG/INRT,9,2024-09-02,NaN,Error,cashModel,cashModel,N/A,N/A,"Used unpermissioned time series of type Currency named ""INRT""",false,2024-11-20T10:55:10.539884,false
ccy://RMG/BOCCLP,9,2024-09-02,NaN,Error,cashModel,cashModel,N/A,N/A,"Used unpermissioned time series of type Currency named ""BOCCLP""",false,2024-11-20T10:55:10.539884,false
ccy://RMG/CNY5,9,2024-09-02,NaN,Error,cashModel,cashModel,N/A,N/A,"Used unpermissioned time series of type Currency named ""CNY5""",false,2024-11-20T10:55:10.539884,false
ccy://RMG/BOCIDR,9,2024-09-02,NaN,Error,cashModel,cashModel,N/A,N/A,"Used unpermissioned time series of type Currency named ""BOCIDR""",false,2024-11-20T10:55:10.539884,false
(102457:2583)-334,9,2024-09-02,NaN,Success,cashModel,cashModel,N/A,N/A,,false,2024-11-20T10:55:23.209277,false
(102457:2583)-316,9,2024-09-02,NaN,Success,equityModel,equityModel,N/A,N/A,,false,2024-11-20T10:55:23.209277,false
ccy://RMG/BOCAU3,17,2024-09-02,NaN,Error,cashModel,cashModel,N/A,N/A,"Used unpermissioned time series of type Currency named ""BOCAU3""",false,2024-11-20T10:55:10.533748500,false
ccy://RMG/AUD3,17,2024-09-02,NaN,Error,cashModel,cashModel,N/A,N/A,"Used unpermissioned time series of type Currency named ""AUD3""",false,2024-11-20T10:55:10.533748500,false
ccy://RMG/EEK,17,2024-09-02,NaN,Success,cashModel,cashModel,N/A,N/A,,false,2024-11-20T10:55:10.533748500,false
ccy://RMG/AUB5,17,2024-09-02,NaN,Error,cashModel,cashModel,N/A,N/A,"Used unpermissioned time series of type Currency named ""AUB5""",false,2024-11-20T10:55:10.533748500,false
ccy://RMG/AK12,17,2024-09-02,NaN,Error,cashModel,cashModel,N/A,N/A,"Used unpermissioned time series of type Currency named ""AK12""",false,2024-11-20T10:55:10.533748500,false
ccy://RMG/DKK3,17,2024-09-02,NaN,Error,cashModel,cashModel,N/A,N/A,"Used unpermissioned time series of type Currency named ""DKK3""",false,2024-11-20T10:55:10.533748500,false
ccy://RMG/MXN,17,2024-09-02,NaN,Success,cashModel,cashModel,N/A,N/A,,false,2024-11-20T10:55:10.533748500,false
ccy://RMG/PENUSD,17,2024-09-02,NaN,Error,cashModel,cashModel,N/A,N/A,"Used unpermissioned time series of type Currency named ""PENUSD""",false,2024-11-20T10:55:10.533748500,false
ccy://RMG/AK30,17,2024-09-02,NaN,Error,cashModel,cashModel,N/A,N/A,"Used unpermissioned time series of type Currency named ""AK30""",false,2024-11-20T10:55:10.539884,false
ccy://RMG/SPEC,17,2024-09-02,NaN,Error,cashModel,cashModel,N/A,N/A,"Used unpermissioned time series of type Currency named ""SPEC""",false,2024-11-20T10:55:10.539884,false
ccy://RMG/JPYCurncy,17,2024-09-02,NaN,Error,cashModel,cashModel,N/A,N/A,"Used unpermissioned time series of type Currency named ""JPYCurncy""",false,2024-11-20T10:55:10.539884,false
ccy://RMG/CESP,17,2024-09-02,NaN,Error,cashModel,cashModel,N/A,N/A,"Used unpermissioned time series of type Currency named ""CESP""",false,2024-11-20T10:55:10.539884,false
ccy://RMG/BCC_EEK1,17,2024-09-02,NaN,Error,cashModel,cashModel,N/A,N/A,"Used unpermissioned time series of type Currency named ""BCC_EEK1""",false,2024-11-20T10:55:10.539884,false
ccy://RMG/HKDT,17,2024-09-02,NaN,Error,cashModel,cashModel,N/A,N/A,"Used unpermissioned time series of type Currency named ""HKDT""",false,2024-11-20T10:55:10.539884,false
ccy://RMG/AUBN1,17,2024-09-02,NaN,Error,cashModel,cashModel,N/A,N/A,"Used unpermissioned time series of type Currency named ""AUBN1""",false,2024-11-20T10:55:10.539884,false
ccy://RMG/PHAUSD,17,2024-09-02,NaN,Success,cashModel,cashModel,N/A,N/A,"Holding ""ccy://RMG/PHAUSD"", has filled time series for valuation spec with statistics start date 20230903, statistics end date 20240902, and pricing date 20240902.  Filled time series descriptions:  Time series ""PHAUSD"" is backfilled or forward filled; earliest time series observation date is 20200915; latest time series observation date is 20221124; time series is flat filled; DATA ON THE PRICING DATE HAS BEEN FILLED FOR THIS TIME SERIES.",false,2024-11-20T10:55:10.539884,false
ccy://RMG/LAK5,17,2024-09-02,NaN,Error,cashModel,cashModel,N/A,N/A,"Used unpermissioned time series of type Currency named ""LAK5""",false,2024-11-20T10:55:10.539884,false
ccy://RMG/JPY,17,2024-09-02,NaN,Success,cashModel,cashModel,N/A,N/A,,false,2024-11-20T10:55:10.539884,false
ccy://RMG/SEKUSD,17,2024-09-02,NaN,Error,cashModel,cashModel,N/A,N/A,"Used unpermissioned time series of type Currency named ""SEKUSD""",false,2024-11-20T10:55:10.539884,false
ccy://RMG/BCC_LIT1,17,2024-09-02,NaN,Error,cashModel,cashModel,N/A,N/A,"Used unpermissioned time series of type Currency named ""BCC_LIT1""",false,2024-11-20T10:55:10.539884,false
ccy://RMG/BCC_CLP1,17,2024-09-02,NaN,Error,cashModel,cashModel,N/A,N/A,"Used unpermissioned time series of type Currency named ""BCC_CLP1""",false,2024-11-20T10:55:10.539884,false
ccy://RMG/IDR,17,2024-09-02,NaN,Success,cashModel,cashModel,N/A,N/A,,false,2024-11-20T10:55:10.539884,false
ccy://RMG/BCC_SKK1,17,2024-09-02,NaN,Error,cashModel,cashModel,N/A,N/A,"Used unpermissioned time series of type Currency named ""BCC_SKK1""",false,2024-11-20T10:55:10.539884,false
ccy://RMG/MMK_TCXF,17,2024-09-02,NaN,Error,cashModel,cashModel,N/A,N/A,"Used unpermissioned time series of type Currency named ""MMK_TCXF""",false,2024-11-20T10:55:10.539884,false
ccy://RMG/XAU3,17,2024-09-02,NaN,Error,cashModel,cashModel,N/A,N/A,"Used unpermissioned time series of type Currency named ""XAU3""",false,2024-11-20T10:55:10.539884,false
ccy://RMG/GBP4,17,2024-09-02,NaN,Error,cashModel,cashModel,N/A,N/A,"Used unpermissioned time series of type Currency named ""GBP4""",false,2024-11-20T10:55:10.539884,false
ccy://RMG/TRY_TCXF,17,2024-09-02,NaN,Error,cashModel,cashModel,N/A,N/A,"Used unpermissioned time series of type Currency named ""TRY_TCXF""",false,2024-11-20T10:55:10.539884,false
ccy://RMG/AGTE,17,2024-09-02,NaN,Error,cashModel,cashModel,N/A,N/A,"Used unpermissioned time series of type Currency named ""AGTE""",false,2024-11-20T10:55:10.539884,false
ccy://RMG/CLP,17,2024-09-02,NaN,Success,cashModel,cashModel,N/A,N/A,,false,2024-11-20T10:55:10.539884,false
ccy://RMG/AK5,17,2024-09-02,NaN,Error,cashModel,cashModel,N/A,N/A,"Used unpermissioned time series of type Currency named ""AK5""",false,2024-11-20T10:55:10.539884,false
ccy://RMG/MGA,17,2024-09-02,NaN,Success,cashModel,cashModel,N/A,N/A,,false,2024-11-20T10:55:10.539884,false
ccy://RMG/GBPUSD,17,2024-09-02,NaN,Error,cashModel,cashModel,N/A,N/A,"Used unpermissioned time series of type Currency named ""GBPUSD""",false,2024-11-20T10:55:10.539884,false
ccy://RMG/HUFUSD,17,2024-09-02,NaN,Error,cashModel,cashModel,N/A,N/A,"Used unpermissioned time series of type Currency named ""HUFUSD""",false,2024-11-20T10:55:10.539884,false
ccy://RMG/SKK,17,2024-09-02,NaN,Success,cashModel,cashModel,N/A,N/A,,false,2024-11-20T10:55:10.539884,false
ccy://RMG/RUB,17,2024-09-02,NaN,Success,cashModel,cashModel,N/A,N/A,,false,2024-11-20T10:55:10.539884,false
ccy://RMG/BYN,17,2024-09-02,NaN,Success,cashModel,cashModel,N/A,N/A,,false,2024-11-20T10:55:10.539884,false
ccy://RMG/BCC_MXN1,17,2024-09-02,NaN,Error,cashModel,cashModel,N/A,N/A,"Used unpermissioned time series of type Currency named ""BCC_MXN1""",false,2024-11-20T10:55:10.539884,false
ccy://RMG/LKR,17,2024-09-02,NaN,Success,cashModel,cashModel,N/A,N/A,,false,2024-11-20T10:55:10.539884,false
ccy://RMG/SEK4,17,2024-09-02,NaN,Error,cashModel,cashModel,N/A,N/A,"Used unpermissioned time series of type Currency named ""SEK4""",false,2024-11-20T10:55:10.539884,false
ccy://RMG/BCC_IDR1,17,2024-09-02,NaN,Error,cashModel,cashModel,N/A,N/A,"Used unpermissioned time series of type Currency named ""BCC_IDR1""",false,2024-11-20T10:55:10.539884,false
ccy://RMG/ROSA,17,2024-09-02,NaN,Error,cashModel,cashModel,N/A,N/A,"Used unpermissioned time series of type Currency named ""ROSA""",false,2024-11-20T10:55:10.539884,false
ccy://RMG/CNH4,17,2024-09-02,NaN,Error,cashModel,cashModel,N/A,N/A,"Used unpermissioned time series of type Currency named ""CNH4""",false,2024-11-20T10:55:10.539884,false
ccy://RMG/RSD,17,2024-09-02,NaN,Success,cashModel,cashModel,N/A,N/A,,false,2024-11-20T10:55:10.539884,false
ccy://RMG/BOCAGA,17,2024-09-02,NaN,Error,cashModel,cashModel,N/A,N/A,"Used unpermissioned time series of type Currency named ""BOCAGA""",false,2024-11-20T10:55:10.539884,false
ccy://RMG/CFRF,17,2024-09-02,NaN,Error,cashModel,cashModel,N/A,N/A,"Used unpermissioned time series of type Currency named ""CFRF""",false,2024-11-20T10:55:10.539884,false
ccy://RMG/BWP,17,2024-09-02,NaN,Success,cashModel,cashModel,N/A,N/A,,false,2024-11-20T10:55:10.539884,false
ccy://RMG/NCD,17,2024-09-02,NaN,Error,cashModel,cashModel,N/A,N/A,"Used unpermissioned time series of type Currency named ""NCD""",false,2024-11-20T10:55:10.539884,false
ccy://RMG/DRP1,17,2024-09-02,NaN,Error,cashModel,cashModel,N/A,N/A,"Used unpermissioned time series of type Currency named ""DRP1""",false,2024-11-20T10:55:10.539884,false
ccy://RMG/BNB1,17,2024-09-02,NaN,Error,cashModel,cashModel,N/A,N/A,"Used unpermissioned time series of type Currency named ""BNB1""",false,2024-11-20T10:55:10.539884,false
ccy://RMG/XOPUSD,17,2024-09-02,NaN,Success,cashModel,cashModel,N/A,N/A,"Holding ""ccy://RMG/XOPUSD"", has filled time series for valuation spec with statistics start date 20230903, statistics end date 20240902, and pricing date 20240902.  Filled time series descriptions:  Time series ""XOPUSD"" is backfilled or forward filled; earliest time series observation date is 20200617; latest time series observation date is 20221124; time series is flat filled; DATA ON THE PRICING DATE HAS BEEN FILLED FOR THIS TIME SERIES.",false,2024-11-20T10:55:10.539884,false
ccy://RMG/BOCJOD,17,2024-09-02,NaN,Error,cashModel,cashModel,N/A,N/A,"Used unpermissioned time series of type Currency named ""BOCJOD""",false,2024-11-20T10:55:10.539884,false
ccy://RMG/NTD1,17,2024-09-02,NaN,Error,cashModel,cashModel,N/A,N/A,"Used unpermissioned time series of type Currency named ""NTD1""",false,2024-11-20T10:55:10.539884,false
ccy://RMG/OMR3,17,2024-09-02,NaN,Error,cashModel,cashModel,N/A,N/A,"Used unpermissioned time series of type Currency named ""OMR3""",false,2024-11-20T10:55:10.539884,false
ccy://RMG/CAD1,17,2024-09-02,NaN,Error,cashModel,cashModel,N/A,N/A,"Used unpermissioned time series of type Currency named ""CAD1""",false,2024-11-20T10:55:10.539884,false
ccy://RMG/MNT2,17,2024-09-02,NaN,Error,cashModel,cashModel,N/A,N/A,"Used unpermissioned time series of type Currency named ""MNT2""",false,2024-11-20T10:55:10.539884,false
ccy://RMG/AUAN2,17,2024-09-02,NaN,Error,cashModel,cashModel,N/A,N/A,"Used unpermissioned time series of type Currency named ""AUAN2""",false,2024-11-20T10:55:10.539884,false
ccy://RMG/ZWL,17,2024-09-02,NaN,Success,cashModel,cashModel,N/A,N/A,,false,2024-11-20T10:55:10.539884,false
ccy://RMG/BCC_LKR1,17,2024-09-02,NaN,Error,cashModel,cashModel,N/A,N/A,"Used unpermissioned time series of type Currency named ""BCC_LKR1""",false,2024-11-20T10:55:10.539884,false
ccy://RMG/BCC_JPY1,17,2024-09-02,NaN,Error,cashModel,cashModel,N/A,N/A,"Used unpermissioned time series of type Currency named ""BCC_JPY1""",false,2024-11-20T10:55:10.539884,false
ccy://RMG/QR_TRY,17,2024-09-02,NaN,Error,cashModel,cashModel,N/A,N/A,"Used unpermissioned time series of type Currency named ""QR_TRY""",false,2024-11-20T10:55:10.539884,false
ccy://RMG/SOL3,17,2024-09-02,NaN,Error,cashModel,cashModel,N/A,N/A,"Used unpermissioned time series of type Currency named ""SOL3""",false,2024-11-20T10:55:10.539884,false
ccy://RMG/MGA_TCXF,17,2024-09-02,NaN,Error,cashModel,cashModel,N/A,N/A,"Used unpermissioned time series of type Currency named ""MGA_TCXF""",false,2024-11-20T10:55:10.539884,false
ccy://RMG/EUR5,17,2024-09-02,NaN,Error,cashModel,cashModel,N/A,N/A,"Used unpermissioned time series of type Currency named ""EUR5""",false,2024-11-20T10:55:10.539884,false
(102457:2583)-327,17,2024-09-02,NaN,Success,equityModel,equityModel,N/A,N/A,,false,2024-11-20T10:55:23.209277,false
(102457:2583)-309,17,2024-09-02,NaN,Success,equityModel,equityModel,N/A,N/A,,false,2024-11-20T10:55:23.209277,false
(102457:2583)-282,17,2024-09-02,NaN,Success,equityModel,equityModel,N/A,N/A,,false,2024-11-20T10:55:23.209277,false
ccy://RMG/SSL1,15,2024-09-02,NaN,Error,cashModel,cashModel,N/A,N/A,"Used unpermissioned time series of type Currency named ""SSL1""",false,2024-11-20T10:55:10.533748500,false
ccy://RMG/MVR,15,2024-09-02,NaN,Success,cashModel,cashModel,N/A,N/A,,false,2024-11-20T10:55:10.533748500,false
ccy://RMG/CDF,15,2024-09-02,NaN,Success,cashModel,cashModel,N/A,N/A,,false,2024-11-20T10:55:10.533748500,false
ccy://RMG/AUD5,15,2024-09-02,NaN,Error,cashModel,cashModel,N/A,N/A,"Used unpermissioned time series of type Currency named ""AUD5""",false,2024-11-20T10:55:10.533748500,false
ccy://RMG/KES_SL,15,2024-09-02,NaN,Error,cashModel,cashModel,N/A,N/A,"Used unpermissioned time series of type Currency named ""KES_SL""",false,2024-11-20T10:55:10.533748500,false
ccy://RMG/BOCAU1,15,2024-09-02,NaN,Error,cashModel,cashModel,N/A,N/A,"Used unpermissioned time series of type Currency named ""BOCAU1""",false,2024-11-20T10:55:10.533748500,false
ccy://RMG/MWK_TCXF,15,2024-09-02,NaN,Error,cashModel,cashModel,N/A,N/A,"Used unpermissioned time series of type Currency named ""MWK_TCXF""",false,2024-11-20T10:55:10.533748500,false
ccy://RMG/NGN_SL,15,2024-09-02,NaN,Error,cashModel,cashModel,N/A,N/A,"Used unpermissioned time series of type Currency named ""NGN_SL""",false,2024-11-20T10:55:10.533748500,false
ccy://RMG/AK14,15,2024-09-02,NaN,Error,cashModel,cashModel,N/A,N/A,"Used unpermissioned time series of type Currency named ""AK14""",false,2024-11-20T10:55:10.533748500,false
ccy://RMG/DKK5,15,2024-09-02,NaN,Error,cashModel,cashModel,N/A,N/A,"Used unpermissioned time series of type Currency named ""DKK5""",false,2024-11-20T10:55:10.533748500,false
ccy://RMG/BOCSZL,15,2024-09-02,NaN,Error,cashModel,cashModel,N/A,N/A,"Used unpermissioned time series of type Currency named ""BOCSZL""",false,2024-11-20T10:55:10.539884,false
ccy://RMG/BOCJMD,15,2024-09-02,NaN,Error,cashModel,cashModel,N/A,N/A,"Used unpermissioned time series of type Currency named ""BOCJMD""",false,2024-11-20T10:55:10.539884,false
ccy://RMG/BGN,15,2024-09-02,NaN,Success,cashModel,cashModel,N/A,N/A,,false,2024-11-20T10:55:10.539884,false
ccy://RMG/VND1,15,2024-09-02,NaN,Error,cashModel,cashModel,N/A,N/A,"Used unpermissioned time series of type Currency named ""VND1""",false,2024-11-20T10:55:10.539884,false
ccy://RMG/MZN_TCXF,15,2024-09-02,NaN,Error,cashModel,cashModel,N/A,N/A,"Used unpermissioned time series of type Currency named ""MZN_TCXF""",false,2024-11-20T10:55:10.539884,false
ccy://RMG/XRP3,15,2024-09-02,NaN,Error,cashModel,cashModel,N/A,N/A,"Used unpermissioned time series of type Currency named ""XRP3""",false,2024-11-20T10:55:10.539884,false
ccy://RMG/PEN_SL,15,2024-09-02,NaN,Error,cashModel,cashModel,N/A,N/A,"Used unpermissioned time series of type Currency named ""PEN_SL""",false,2024-11-20T10:55:10.539884,false
ccy://RMG/CAD3,15,2024-09-02,NaN,Error,cashModel,cashModel,N/A,N/A,"Used unpermissioned time series of type Currency named ""CAD3""",false,2024-11-20T10:55:10.539884,false
ccy://RMG/XA1N_UAT,15,2024-09-02,NaN,Error,cashModel,cashModel,N/A,N/A,"Used unpermissioned time series of type Currency named ""XA1N_UAT""",false,2024-11-20T10:55:10.539884,false
ccy://RMG/XAU5,15,2024-09-02,NaN,Error,cashModel,cashModel,N/A,N/A,"Used unpermissioned time series of type Currency named ""XAU5""",false,2024-11-20T10:55:10.539884,false
ccy://RMG/DXY,15,2024-09-02,NaN,Success,cashModel,cashModel,N/A,N/A,,false,2024-11-20T10:55:10.539884,false
ccy://RMG/BCC_NLG1,15,2024-09-02,NaN,Error,cashModel,cashModel,N/A,N/A,"Used unpermissioned time series of type Currency named ""BCC_NLG1""",false,2024-11-20T10:55:10.539884,false
ccy://RMG/NAD_TCXF,15,2024-09-02,NaN,Error,cashModel,cashModel,N/A,N/A,"Used unpermissioned time series of type Currency named ""NAD_TCXF""",false,2024-11-20T10:55:10.539884,false
ccy://RMG/BOCHRK,15,2024-09-02,NaN,Error,cashModel,cashModel,N/A,N/A,"Used unpermissioned time series of type Currency named ""BOCHRK""",false,2024-11-20T10:55:10.539884,false
ccy://RMG/AK7,15,2024-09-02,NaN,Error,cashModel,cashModel,N/A,N/A,"Used unpermissioned time series of type Currency named ""AK7""",false,2024-11-20T10:55:10.539884,false
ccy://RMG/AMP1,15,2024-09-02,NaN,Error,cashModel,cashModel,N/A,N/A,"Used unpermissioned time series of type Currency named ""AMP1""",false,2024-11-20T10:55:10.539884,false
ccy://RMG/SEK_SL,15,2024-09-02,NaN,Error,cashModel,cashModel,N/A,N/A,"Used unpermissioned time series of type Currency named ""SEK_SL""",false,2024-11-20T10:55:10.539884,false
ccy://RMG/GBP_SL,15,2024-09-02,NaN,Error,cashModel,cashModel,N/A,N/A,"Used unpermissioned time series of type Currency named ""GBP_SL""",false,2024-11-20T10:55:10.539884,false
ccy://RMG/AED1,15,2024-09-02,NaN,Error,cashModel,cashModel,N/A,N/A,"Used unpermissioned time series of type Currency named ""AED1""",false,2024-11-20T10:55:10.539884,false
ccy://RMG/QR_INR,15,2024-09-02,NaN,Error,cashModel,cashModel,N/A,N/A,"Used unpermissioned time series of type Currency named ""QR_INR""",false,2024-11-20T10:55:10.539884,false
ccy://RMG/YFI1,15,2024-09-02,NaN,Error,cashModel,cashModel,N/A,N/A,"Used unpermissioned time series of type Currency named ""YFI1""",false,2024-11-20T10:55:10.539884,false
ccy://RMG/ILS1,15,2024-09-02,NaN,Error,cashModel,cashModel,N/A,N/A,"Used unpermissioned time series of type Currency named ""ILS1""",false,2024-11-20T10:55:10.539884,false
ccy://RMG/EGP3,15,2024-09-02,NaN,Error,cashModel,cashModel,N/A,N/A,"Used unpermissioned time series of type Currency named ""EGP3""",false,2024-11-20T10:55:10.539884,false
ccy://RMG/CZK1,15,2024-09-02,NaN,Error,cashModel,cashModel,N/A,N/A,"Used unpermissioned time series of type Currency named ""CZK1""",false,2024-11-20T10:55:10.539884,false
ccy://RMG/BOCMWK,15,2024-09-02,NaN,Error,cashModel,cashModel,N/A,N/A,"Used unpermissioned time series of type Currency named ""BOCMWK""",false,2024-11-20T10:55:10.539884,false
ccy://RMG/HUF_SL,15,2024-09-02,NaN,Error,cashModel,cashModel,N/A,N/A,"Used unpermissioned time series of type Currency named ""HUF_SL""",false,2024-11-20T10:55:10.539884,false
ccy://RMG/HTG_TCXF,15,2024-09-02,NaN,Error,cashModel,cashModel,N/A,N/A,"Used unpermissioned time series of type Currency named ""HTG_TCXF""",false,2024-11-20T10:55:10.539884,false
ccy://RMG/ZART,15,2024-09-02,NaN,Error,cashModel,cashModel,N/A,N/A,"Used unpermissioned time series of type Currency named ""ZART""",false,2024-11-20T10:55:10.539884,false
ccy://RMG/BCC_HKD1,15,2024-09-02,NaN,Error,cashModel,cashModel,N/A,N/A,"Used unpermissioned time series of type Currency named ""BCC_HKD1""",false,2024-11-20T10:55:10.539884,false
ccy://RMG/LSL,15,2024-09-02,NaN,Success,cashModel,cashModel,N/A,N/A,,false,2024-11-20T10:55:10.539884,false
ccy://RMG/MZN,15,2024-09-02,NaN,Success,cashModel,cashModel,N/A,N/A,,false,2024-11-20T10:55:10.539884,false
ccy://RMG/BOCRON,15,2024-09-02,NaN,Error,cashModel,cashModel,N/A,N/A,"Used unpermissioned time series of type Currency named ""BOCRON""",false,2024-11-20T10:55:10.539884,false
ccy://RMG/SPE1,15,2024-09-02,NaN,Error,cashModel,cashModel,N/A,N/A,"Used unpermissioned time series of type Currency named ""SPE1""",false,2024-11-20T10:55:10.539884,false
ccy://RMG/CDEM,15,2024-09-02,NaN,Error,cashModel,cashModel,N/A,N/A,"Used unpermissioned time series of type Currency named ""CDEM""",false,2024-11-20T10:55:10.539884,false
ccy://RMG/NLG,15,2024-09-02,NaN,Success,cashModel,cashModel,N/A,N/A,,false,2024-11-20T10:55:10.539884,false
ccy://RMG/ALG1,15,2024-09-02,NaN,Error,cashModel,cashModel,N/A,N/A,"Used unpermissioned time series of type Currency named ""ALG1""",false,2024-11-20T10:55:10.539884,false
ccy://RMG/HKD,15,2024-09-02,NaN,Success,cashModel,cashModel,N/A,N/A,,false,2024-11-20T10:55:10.539884,false
ccy://RMG/ARS3,15,2024-09-02,NaN,Error,cashModel,cashModel,N/A,N/A,"Used unpermissioned time series of type Currency named ""ARS3""",false,2024-11-20T10:55:10.539884,false
ccy://RMG/SGD1,15,2024-09-02,NaN,Error,cashModel,cashModel,N/A,N/A,"Used unpermissioned time series of type Currency named ""SGD1""",false,2024-11-20T10:55:10.539884,false
ccy://RMG/PHP1,15,2024-09-02,NaN,Error,cashModel,cashModel,N/A,N/A,"Used unpermissioned time series of type Currency named ""PHP1""",false,2024-11-20T10:55:10.539884,false
ccy://RMG/BOCUYU,15,2024-09-02,NaN,Error,cashModel,cashModel,N/A,N/A,"Used unpermissioned time series of type Currency named ""BOCUYU""",false,2024-11-20T10:55:10.539884,false
ccy://RMG/BOCKZT,15,2024-09-02,NaN,Error,cashModel,cashModel,N/A,N/A,"Used unpermissioned time series of type Currency named ""BOCKZT""",false,2024-11-20T10:55:10.539884,false
ccy://RMG/ATS1,15,2024-09-02,NaN,Error,cashModel,cashModel,N/A,N/A,"Used unpermissioned time series of type Currency named ""ATS1""",false,2024-11-20T10:55:10.539884,false
ccy://RMG/BOCTWD,15,2024-09-02,NaN,Error,cashModel,cashModel,N/A,N/A,"Used unpermissioned time series of type Currency named ""BOCTWD""",false,2024-11-20T10:55:10.539884,false
ccy://RMG/BOCCHF,15,2024-09-02,NaN,Error,cashModel,cashModel,N/A,N/A,"Used unpermissioned time series of type Currency named ""BOCCHF""",false,2024-11-20T10:55:10.539884,false
ccy://RMG/AZN_TCXF,15,2024-09-02,NaN,Error,cashModel,cashModel,N/A,N/A,"Used unpermissioned time series of type Currency named ""AZN_TCXF""",false,2024-11-20T10:55:10.539884,false
ccy://RMG/XA2N,15,2024-09-02,NaN,Error,cashModel,cashModel,N/A,N/A,"Used unpermissioned time series of type Currency named ""XA2N""",false,2024-11-20T10:55:10.539884,false
ccy://RMG/THH5,15,2024-09-02,NaN,Error,cashModel,cashModel,N/A,N/A,"Used unpermissioned time series of type Currency named ""THH5""",false,2024-11-20T10:55:10.539884,false
ccy://RMG/MTL_SL,15,2024-09-02,NaN,Error,cashModel,cashModel,N/A,N/A,"Used unpermissioned time series of type Currency named ""MTL_SL""",false,2024-11-20T10:55:10.539884,false
ccy://RMG/BOCKHR,15,2024-09-02,NaN,Error,cashModel,cashModel,N/A,N/A,"Used unpermissioned time series of type Currency named ""BOCKHR""",false,2024-11-20T10:55:10.539884,false
ccy://RMG/XPT1,15,2024-09-02,NaN,Error,cashModel,cashModel,N/A,N/A,"Used unpermissioned time series of type Currency named ""XPT1""",false,2024-11-20T10:55:10.539884,false
(102457:2583)-329,15,2024-09-02,NaN,Success,equityModel,equityModel,N/A,N/A,,false,2024-11-20T10:55:23.209277,false
(102457:2583)-284,15,2024-09-02,NaN,Error,equityModel,equityModel,N/A,N/A,"Unknown equity time series named ""10918L103""",false,2024-11-20T10:55:23.209277,false
(102457:2583)-310,15,2024-09-02,NaN,Success,equityModel,equityModel,N/A,N/A,,false,2024-11-20T10:55:23.209277,false
ccy://RMG/BCC_ESP1,8,2024-09-02,NaN,Error,cashModel,cashModel,N/A,N/A,"Used unpermissioned time series of type Currency named ""BCC_ESP1""",false,2024-11-20T10:55:10.533748500,false
ccy://RMG/BOCNOK,8,2024-09-02,NaN,Error,cashModel,cashModel,N/A,N/A,"Used unpermissioned time series of type Currency named ""BOCNOK""",false,2024-11-20T10:55:10.533748500,false
ccy://RMG/KZT1,8,2024-09-02,NaN,Error,cashModel,cashModel,N/A,N/A,"Used unpermissioned time series of type Currency named ""KZT1""",false,2024-11-20T10:55:10.533748500,false
ccy://RMG/ILS,8,2024-09-02,NaN,Success,cashModel,cashModel,N/A,N/A,,false,2024-11-20T10:55:10.533748500,false
ccy://RMG/ABC2,8,2024-09-02,NaN,Error,cashModel,cashModel,N/A,N/A,"Used unpermissioned time series of type Currency named ""ABC2""",false,2024-11-20T10:55:10.533748500,false
ccy://RMG/BCC_NOK1,8,2024-09-02,NaN,Error,cashModel,cashModel,N/A,N/A,"Used unpermissioned time series of type Currency named ""BCC_NOK1""",false,2024-11-20T10:55:10.533748500,false
ccy://RMG/CHF1,8,2024-09-02,NaN,Error,cashModel,cashModel,N/A,N/A,"Used unpermissioned time series of type Currency named ""CHF1""",false,2024-11-20T10:55:10.533748500,false
ccy://RMG/SAR_SL,8,2024-09-02,NaN,Error,cashModel,cashModel,N/A,N/A,"Used unpermissioned time series of type Currency named ""SAR_SL""",false,2024-11-20T10:55:10.533748500,false
ccy://RMG/NIO_TCXF,8,2024-09-02,NaN,Error,cashModel,cashModel,N/A,N/A,"Used unpermissioned time series of type Currency named ""NIO_TCXF""",false,2024-11-20T10:55:10.539884,false
ccy://RMG/BBD_SL,8,2024-09-02,NaN,Error,cashModel,cashModel,N/A,N/A,"Used unpermissioned time series of type Currency named ""BBD_SL""",false,2024-11-20T10:55:10.539884,false
ccy://RMG/XS3,8,2024-09-02,NaN,Error,cashModel,cashModel,N/A,N/A,"Used unpermissioned time series of type Currency named ""XS3""",false,2024-11-20T10:55:10.539884,false
ccy://RMG/LNK1,8,2024-09-02,NaN,Error,cashModel,cashModel,N/A,N/A,"Used unpermissioned time series of type Currency named ""LNK1""",false,2024-11-20T10:55:10.539884,false
ccy://RMG/MYR2,8,2024-09-02,NaN,Error,cashModel,cashModel,N/A,N/A,"Used unpermissioned time series of type Currency named ""MYR2""",false,2024-11-20T10:55:10.539884,false
ccy://RMG/BND,8,2024-09-02,NaN,Success,cashModel,cashModel,N/A,N/A,,false,2024-11-20T10:55:10.539884,false
ccy://RMG/HKD5,8,2024-09-02,NaN,Error,cashModel,cashModel,N/A,N/A,"Used unpermissioned time series of type Currency named ""HKD5""",false,2024-11-20T10:55:10.539884,false
ccy://RMG/MAD_SL,8,2024-09-02,NaN,Error,cashModel,cashModel,N/A,N/A,"Used unpermissioned time series of type Currency named ""MAD_SL""",false,2024-11-20T10:55:10.539884,false
ccy://RMG/NOK_LCH,8,2024-09-02,NaN,Error,cashModel,cashModel,N/A,N/A,"Used unpermissioned time series of type Currency named ""NOK_LCH""",false,2024-11-20T10:55:10.539884,false
ccy://RMG/BOCLBP,8,2024-09-02,NaN,Error,cashModel,cashModel,N/A,N/A,"Used unpermissioned time series of type Currency named ""BOCLBP""",false,2024-11-20T10:55:10.539884,false
ccy://RMG/XA1,8,2024-09-02,NaN,Error,cashModel,cashModel,N/A,N/A,"Used unpermissioned time series of type Currency named ""XA1""",false,2024-11-20T10:55:10.539884,false
ccy://RMG/AUDCurncy,8,2024-09-02,NaN,Error,cashModel,cashModel,N/A,N/A,"Used unpermissioned time series of type Currency named ""AUDCurncy""",false,2024-11-20T10:55:10.539884,false
ccy://RMG/PTA1,8,2024-09-02,NaN,Error,cashModel,cashModel,N/A,N/A,"Used unpermissioned time series of type Currency named ""PTA1""",false,2024-11-20T10:55:10.539884,false
ccy://RMG/KMF,8,2024-09-02,NaN,Success,cashModel,cashModel,N/A,N/A,,false,2024-11-20T10:55:10.539884,false
ccy://RMG/BOCSYP,8,2024-09-02,NaN,Error,cashModel,cashModel,N/A,N/A,"Used unpermissioned time series of type Currency named ""BOCSYP""",false,2024-11-20T10:55:10.539884,false
ccy://RMG/XPT,8,2024-09-02,NaN,Success,cashModel,cashModel,N/A,N/A,,false,2024-11-20T10:55:10.539884,false
ccy://RMG/BCC_THB1,8,2024-09-02,NaN,Error,cashModel,cashModel,N/A,N/A,"Used unpermissioned time series of type Currency named ""BCC_THB1""",false,2024-11-20T10:55:10.539884,false
ccy://RMG/AED,8,2024-09-02,NaN,Success,cashModel,cashModel,N/A,N/A,,false,2024-11-20T10:55:10.539884,false
ccy://RMG/BOCTHB,8,2024-09-02,NaN,Error,cashModel,cashModel,N/A,N/A,"Used unpermissioned time series of type Currency named ""BOCTHB""",false,2024-11-20T10:55:10.539884,false
ccy://RMG/AK20,8,2024-09-02,NaN,Error,cashModel,cashModel,N/A,N/A,"Used unpermissioned time series of type Currency named ""AK20""",false,2024-11-20T10:55:10.539884,false
ccy://RMG/FXEUR,8,2024-09-02,NaN,Error,cashModel,cashModel,N/A,N/A,"Used unpermissioned time series of type Currency named ""FXEUR""",false,2024-11-20T10:55:10.539884,false
ccy://RMG/FIL1,8,2024-09-02,NaN,Error,cashModel,cashModel,N/A,N/A,"Used unpermissioned time series of type Currency named ""FIL1""",false,2024-11-20T10:55:10.539884,false
ccy://RMG/FJD,8,2024-09-02,NaN,Success,cashModel,cashModel,N/A,N/A,,false,2024-11-20T10:55:10.539884,false
ccy://RMG/TWD1,8,2024-09-02,NaN,Error,cashModel,cashModel,N/A,N/A,"Used unpermissioned time series of type Currency named ""TWD1""",false,2024-11-20T10:55:10.539884,false
ccy://RMG/BOCSDG,8,2024-09-02,NaN,Error,cashModel,cashModel,N/A,N/A,"Used unpermissioned time series of type Currency named ""BOCSDG""",false,2024-11-20T10:55:10.539884,false
ccy://RMG/IEP,8,2024-09-02,NaN,Success,cashModel,cashModel,N/A,N/A,,false,2024-11-20T10:55:10.539884,false
ccy://RMG/SLE_TCXF,8,2024-09-02,NaN,Error,cashModel,cashModel,N/A,N/A,"Used unpermissioned time series of type Currency named ""SLE_TCXF""",false,2024-11-20T10:55:10.539884,false
ccy://RMG/ATS,8,2024-09-02,NaN,Success,cashModel,cashModel,N/A,N/A,,false,2024-11-20T10:55:10.539884,false
ccy://RMG/NZDCurncy,8,2024-09-02,NaN,Error,cashModel,cashModel,N/A,N/A,"Used unpermissioned time series of type Currency named ""NZDCurncy""",false,2024-11-20T10:55:10.539884,false
ccy://RMG/BCC_FRF1,8,2024-09-02,NaN,Error,cashModel,cashModel,N/A,N/A,"Used unpermissioned time series of type Currency named ""BCC_FRF1""",false,2024-11-20T10:55:10.539884,false
ccy://RMG/PHP,8,2024-09-02,NaN,Success,cashModel,cashModel,N/A,N/A,,false,2024-11-20T10:55:10.539884,false
ccy://RMG/LUN1,8,2024-09-02,NaN,Error,cashModel,cashModel,N/A,N/A,"Used unpermissioned time series of type Currency named ""LUN1""",false,2024-11-20T10:55:10.539884,false
ccy://RMG/ZAR3,8,2024-09-02,NaN,Error,cashModel,cashModel,N/A,N/A,"Used unpermissioned time series of type Currency named ""ZAR3""",false,2024-11-20T10:55:10.539884,false
ccy://RMG/TTD_TCXF,8,2024-09-02,NaN,Error,cashModel,cashModel,N/A,N/A,"Used unpermissioned time series of type Currency named ""TTD_TCXF""",false,2024-11-20T10:55:10.539884,false
ccy://RMG/UAH,8,2024-09-02,NaN,Success,cashModel,cashModel,N/A,N/A,,false,2024-11-20T10:55:10.539884,false
ccy://RMG/PTX,8,2024-09-02,NaN,Success,cashModel,cashModel,N/A,N/A,,false,2024-11-20T10:55:10.539884,false
ccy://RMG/XBTUSD,8,2024-09-02,NaN,Success,cashModel,cashModel,N/A,N/A,"Holding ""ccy://RMG/XBTUSD"", has filled time series for valuation spec with statistics start date 20230903, statistics end date 20240902, and pricing date 20240902.  Filled time series descriptions:  Time series ""XBTUSD"" is backfilled or forward filled; earliest time series observation date is 20100719; latest time series observation date is 20221124; time series is flat filled; DATA ON THE PRICING DATE HAS BEEN FILLED FOR THIS TIME SERIES.",false,2024-11-20T10:55:10.539884,false
ccy://RMG/CLNT.TPGA.DXY,8,2024-09-02,NaN,Error,cashModel,cashModel,N/A,N/A,"Used unpermissioned time series of type Currency named ""CLNT.TPGA.DXY""",false,2024-11-20T10:55:10.539884,false
ccy://RMG/NZD4,8,2024-09-02,NaN,Error,cashModel,cashModel,N/A,N/A,"Used unpermissioned time series of type Currency named ""NZD4""",false,2024-11-20T10:55:10.539884,false
ccy://RMG/BRLT,8,2024-09-02,NaN,Error,cashModel,cashModel,N/A,N/A,"Used unpermissioned time series of type Currency named ""BRLT""",false,2024-11-20T10:55:10.539884,false
ccy://RMG/BOCKYD,8,2024-09-02,NaN,Error,cashModel,cashModel,N/A,N/A,"Used unpermissioned time series of type Currency named ""BOCKYD""",false,2024-11-20T10:55:10.539884,false
ccy://RMG/SGD,8,2024-09-02,NaN,Success,cashModel,cashModel,N/A,N/A,,false,2024-11-20T10:55:10.539884,false
ccy://RMG/EURFX,8,2024-09-02,NaN,Error,cashModel,cashModel,N/A,N/A,"Used unpermissioned time series of type Currency named ""EURFX""",false,2024-11-20T10:55:10.539884,false
ccy://RMG/KRWT,8,2024-09-02,NaN,Error,cashModel,cashModel,N/A,N/A,"Used unpermissioned time series of type Currency named ""KRWT""",false,2024-11-20T10:55:10.539884,false
ccy://RMG/ARA,8,2024-09-02,NaN,Error,cashModel,cashModel,N/A,N/A,"Used unpermissioned time series of type Currency named ""ARA""",false,2024-11-20T10:55:10.539884,false
ccy://RMG/XAGY_UAT,8,2024-09-02,NaN,Error,cashModel,cashModel,N/A,N/A,"Used unpermissioned time series of type Currency named ""XAGY_UAT""",false,2024-11-20T10:55:10.539884,false
ccy://RMG/COP_TCXF,8,2024-09-02,NaN,Error,cashModel,cashModel,N/A,N/A,"Used unpermissioned time series of type Currency named ""COP_TCXF""",false,2024-11-20T10:55:10.539884,false
ccy://RMG/QR_EUR,8,2024-09-02,NaN,Error,cashModel,cashModel,N/A,N/A,"Used unpermissioned time series of type Currency named ""QR_EUR""",false,2024-11-20T10:55:10.539884,false
ccy://RMG/AU2N,8,2024-09-02,NaN,Error,cashModel,cashModel,N/A,N/A,"Used unpermissioned time series of type Currency named ""AU2N""",false,2024-11-20T10:55:10.539884,false
ccy://RMG/XDR2,8,2024-09-02,NaN,Error,cashModel,cashModel,N/A,N/A,"Used unpermissioned time series of type Currency named ""XDR2""",false,2024-11-20T10:55:10.539884,false
ccy://RMG/VND,8,2024-09-02,NaN,Success,cashModel,cashModel,N/A,N/A,,false,2024-11-20T10:55:10.539884,false
ccy://RMG/SNX1,8,2024-09-02,NaN,Error,cashModel,cashModel,N/A,N/A,"Used unpermissioned time series of type Currency named ""SNX1""",false,2024-11-20T10:55:10.539884,false
ccy://RMG/BOCSCR,8,2024-09-02,NaN,Error,cashModel,cashModel,N/A,N/A,"Used unpermissioned time series of type Currency named ""BOCSCR""",false,2024-11-20T10:55:10.539884,false
ccy://RMG/BCC_LBP1,8,2024-09-02,NaN,Error,cashModel,cashModel,N/A,N/A,"Used unpermissioned time series of type Currency named ""BCC_LBP1""",false,2024-11-20T10:55:10.539884,false
ccy://RMG/KWD_SL,8,2024-09-02,NaN,Error,cashModel,cashModel,N/A,N/A,"Used unpermissioned time series of type Currency named ""KWD_SL""",false,2024-11-20T10:55:10.539884,false
ccy://RMG/CZK,8,2024-09-02,NaN,Success,cashModel,cashModel,N/A,N/A,,false,2024-11-20T10:55:10.539884,false
(102457:2583)-317,8,2024-09-02,NaN,Success,equityModel,equityModel,N/A,N/A,,false,2024-11-20T10:55:23.209277,false
ccy://RMG/BDT_SL,6,2024-09-02,NaN,Error,cashModel,cashModel,N/A,N/A,"Used unpermissioned time series of type Currency named ""BDT_SL""",false,2024-11-20T10:55:10.533748500,false
ccy://RMG/CPTE,6,2024-09-02,NaN,Error,cashModel,cashModel,N/A,N/A,"Used unpermissioned time series of type Currency named ""CPTE""",false,2024-11-20T10:55:10.533748500,false
ccy://RMG/MUR,6,2024-09-02,NaN,Success,cashModel,cashModel,N/A,N/A,,false,2024-11-20T10:55:10.533748500,false
ccy://RMG/BOCPLT,6,2024-09-02,NaN,Error,cashModel,cashModel,N/A,N/A,"Used unpermissioned time series of type Currency named ""BOCPLT""",false,2024-11-20T10:55:10.533748500,false
ccy://RMG/KZT3,6,2024-09-02,NaN,Error,cashModel,cashModel,N/A,N/A,"Used unpermissioned time series of type Currency named ""KZT3""",false,2024-11-20T10:55:10.533748500,false
ccy://RMG/PLN,6,2024-09-02,NaN,Success,cashModel,cashModel,N/A,N/A,,false,2024-11-20T10:55:10.539884,false
ccy://RMG/SAR2,6,2024-09-02,NaN,Error,cashModel,cashModel,N/A,N/A,"Used unpermissioned time series of type Currency named ""SAR2""",false,2024-11-20T10:55:10.539884,false
ccy://RMG/BCC_BRL1,6,2024-09-02,NaN,Error,cashModel,cashModel,N/A,N/A,"Used unpermissioned time series of type Currency named ""BCC_BRL1""",false,2024-11-20T10:55:10.539884,false
ccy://RMG/XA3,6,2024-09-02,NaN,Error,cashModel,cashModel,N/A,N/A,"Used unpermissioned time series of type Currency named ""XA3""",false,2024-11-20T10:55:10.539884,false
ccy://RMG/BOCSAR,6,2024-09-02,NaN,Error,cashModel,cashModel,N/A,N/A,"Used unpermissioned time series of type Currency named ""BOCSAR""",false,2024-11-20T10:55:10.539884,false
ccy://RMG/MYR4,6,2024-09-02,NaN,Error,cashModel,cashModel,N/A,N/A,"Used unpermissioned time series of type Currency named ""MYR4""",false,2024-11-20T10:55:10.539884,false
ccy://RMG/TWD3,6,2024-09-02,NaN,Error,cashModel,cashModel,N/A,N/A,"Used unpermissioned time series of type Currency named ""TWD3""",false,2024-11-20T10:55:10.539884,false
ccy://RMG/UGX,6,2024-09-02,NaN,Success,cashModel,cashModel,N/A,N/A,,false,2024-11-20T10:55:10.539884,false
ccy://RMG/CNY,6,2024-09-02,NaN,Success,cashModel,cashModel,N/A,N/A,,false,2024-11-20T10:55:10.539884,false
ccy://RMG/BOCMAD,6,2024-09-02,NaN,Error,cashModel,cashModel,N/A,N/A,"Used unpermissioned time series of type Currency named ""BOCMAD""",false,2024-11-20T10:55:10.539884,false
ccy://RMG/THB_TCXF,6,2024-09-02,NaN,Error,cashModel,cashModel,N/A,N/A,"Used unpermissioned time series of type Currency named ""THB_TCXF""",false,2024-11-20T10:55:10.539884,false
ccy://RMG/CN1,6,2024-09-02,NaN,Success,cashModel,cashModel,N/A,N/A,,false,2024-11-20T10:55:10.539884,false
ccy://RMG/AK22,6,2024-09-02,NaN,Error,cashModel,cashModel,N/A,N/A,"Used unpermissioned time series of type Currency named ""AK22""",false,2024-11-20T10:55:10.539884,false
ccy://RMG/XTD2,6,2024-09-02,NaN,Error,cashModel,cashModel,N/A,N/A,"Used unpermissioned time series of type Currency named ""XTD2""",false,2024-11-20T10:55:10.539884,false
ccy://RMG/MXV1,6,2024-09-02,NaN,Success,cashModel,cashModel,N/A,N/A,"Holding ""ccy://RMG/MXV1"", has filled time series for valuation spec with statistics start date 20230903, statistics end date 20240902, and pricing date 20240902.  Filled time series descriptions:  Time series ""MXV1"" is backfilled or forward filled; earliest time series observation date is 19970506; latest time series observation date is 20120530; time series is flat filled; DATA ON THE PRICING DATE HAS BEEN FILLED FOR THIS TIME SERIES.",false,2024-11-20T10:55:10.539884,false
ccy://RMG/BCC_DEM1,6,2024-09-02,NaN,Error,cashModel,cashModel,N/A,N/A,"Used unpermissioned time series of type Currency named ""BCC_DEM1""",false,2024-11-20T10:55:10.539884,false
ccy://RMG/LVL_SL,6,2024-09-02,NaN,Error,cashModel,cashModel,N/A,N/A,"Used unpermissioned time series of type Currency named ""LVL_SL""",false,2024-11-20T10:55:10.539884,false
ccy://RMG/PYG_TCXF,6,2024-09-02,NaN,Error,cashModel,cashModel,N/A,N/A,"Used unpermissioned time series of type Currency named ""PYG_TCXF""",false,2024-11-20T10:55:10.539884,false
ccy://RMG/XAG,6,2024-09-02,NaN,Success,cashModel,cashModel,N/A,N/A,,false,2024-11-20T10:55:10.539884,false
ccy://RMG/XET1,6,2024-09-02,NaN,Error,cashModel,cashModel,N/A,N/A,"Used unpermissioned time series of type Currency named ""XET1""",false,2024-11-20T10:55:10.539884,false
ccy://RMG/EURT,6,2024-09-02,NaN,Error,cashModel,cashModel,N/A,N/A,"Used unpermissioned time series of type Currency named ""EURT""",false,2024-11-20T10:55:10.539884,false
ccy://RMG/CITL,6,2024-09-02,NaN,Error,cashModel,cashModel,N/A,N/A,"Used unpermissioned time series of type Currency named ""CITL""",false,2024-11-20T10:55:10.539884,false
ccy://RMG/BHDT,6,2024-09-02,NaN,Error,cashModel,cashModel,N/A,N/A,"Used unpermissioned time series of type Currency named ""BHDT""",false,2024-11-20T10:55:10.539884,false
ccy://RMG/MYR_SL,6,2024-09-02,NaN,Error,cashModel,cashModel,N/A,N/A,"Used unpermissioned time series of type Currency named ""MYR_SL""",false,2024-11-20T10:55:10.539884,false
ccy://RMG/ANG,6,2024-09-02,NaN,Success,cashModel,cashModel,N/A,N/A,,false,2024-11-20T10:55:10.539884,false
ccy://RMG/XA1N,6,2024-09-02,NaN,Error,cashModel,cashModel,N/A,N/A,"Used unpermissioned time series of type Currency named ""XA1N""",false,2024-11-20T10:55:10.539884,false
ccy://RMG/KWD2,6,2024-09-02,NaN,Error,cashModel,cashModel,N/A,N/A,"Used unpermissioned time series of type Currency named ""KWD2""",false,2024-11-20T10:55:10.539884,false
ccy://RMG/CADCurncy,6,2024-09-02,NaN,Error,cashModel,cashModel,N/A,N/A,"Used unpermissioned time series of type Currency named ""CADCurncy""",false,2024-11-20T10:55:10.539884,false
ccy://RMG/AGA1,6,2024-09-02,NaN,Error,cashModel,cashModel,N/A,N/A,"Used unpermissioned time series of type Currency named ""AGA1""",false,2024-11-20T10:55:10.539884,false
ccy://RMG/BOCNPR,6,2024-09-02,NaN,Error,cashModel,cashModel,N/A,N/A,"Used unpermissioned time series of type Currency named ""BOCNPR""",false,2024-11-20T10:55:10.539884,false
ccy://RMG/BOCKWD,6,2024-09-02,NaN,Error,cashModel,cashModel,N/A,N/A,"Used unpermissioned time series of type Currency named ""BOCKWD""",false,2024-11-20T10:55:10.539884,false
ccy://RMG/BOCJPB,6,2024-09-02,NaN,Error,cashModel,cashModel,N/A,N/A,"Used unpermissioned time series of type Currency named ""BOCJPB""",false,2024-11-20T10:55:10.539884,false
ccy://RMG/BCC_KRW1,6,2024-09-02,NaN,Error,cashModel,cashModel,N/A,N/A,"Used unpermissioned time series of type Currency named ""BCC_KRW1""",false,2024-11-20T10:55:10.539884,false
ccy://RMG/BOCIN1,6,2024-09-02,NaN,Error,cashModel,cashModel,N/A,N/A,"Used unpermissioned time series of type Currency named ""BOCIN1""",false,2024-11-20T10:55:10.539884,false
ccy://RMG/CNY8,6,2024-09-02,NaN,Success,cashModel,cashModel,N/A,N/A,"Holding ""ccy://RMG/CNY8"", has filled time series for valuation spec with statistics start date 20230903, statistics end date 20240902, and pricing date 20240902.  Filled time series descriptions:  Time series ""CNY8"" is backfilled or forward filled; earliest time series observation date is 20020703; latest time series observation date is 20111109; time series is flat filled; DATA ON THE PRICING DATE HAS BEEN FILLED FOR THIS TIME SERIES.",false,2024-11-20T10:55:10.539884,false
ccy://RMG/QAR_SL,6,2024-09-02,NaN,Error,cashModel,cashModel,N/A,N/A,"Used unpermissioned time series of type Currency named ""QAR_SL""",false,2024-11-20T10:55:10.539884,false
ccy://RMG/BOCBBD,6,2024-09-02,NaN,Error,cashModel,cashModel,N/A,N/A,"Used unpermissioned time series of type Currency named ""BOCBBD""",false,2024-11-20T10:55:10.539884,false
(102457:2583)-319,6,2024-09-02,NaN,Success,equityModel,equityModel,N/A,N/A,,false,2024-11-20T10:55:23.209277,false
(102457:2583)-292,6,2024-09-02,NaN,Success,equityModel,equityModel,N/A,N/A,,false,2024-11-20T10:55:23.209277,false
(102457:2583)-300,6,2024-09-02,NaN,Success,equityModel,equityModel,N/A,N/A,,false,2024-11-20T10:55:23.209277,false
ccy://RMG/BOCAUD,14,2024-09-02,NaN,Error,cashModel,cashModel,N/A,N/A,"Used unpermissioned time series of type Currency named ""BOCAUD""",false,2024-11-20T10:55:10.533748500,false
ccy://RMG/AK15,14,2024-09-02,NaN,Error,cashModel,cashModel,N/A,N/A,"Used unpermissioned time series of type Currency named ""AK15""",false,2024-11-20T10:55:10.533748500,false
ccy://RMG/BHD_SL,14,2024-09-02,NaN,Error,cashModel,cashModel,N/A,N/A,"Used unpermissioned time series of type Currency named ""BHD_SL""",false,2024-11-20T10:55:10.533748500,false
ccy://RMG/BCC_NZD1,14,2024-09-02,NaN,Error,cashModel,cashModel,N/A,N/A,"Used unpermissioned time series of type Currency named ""BCC_NZD1""",false,2024-11-20T10:55:10.533748500,false
ccy://RMG/GMD,14,2024-09-02,NaN,Success,cashModel,cashModel,N/A,N/A,,false,2024-11-20T10:55:10.533748500,false
ccy://RMG/GHS,14,2024-09-02,NaN,Success,cashModel,cashModel,N/A,N/A,,false,2024-11-20T10:55:10.533748500,false
ccy://RMG/BCC_COP1,14,2024-09-02,NaN,Error,cashModel,cashModel,N/A,N/A,"Used unpermissioned time series of type Currency named ""BCC_COP1""",false,2024-11-20T10:55:10.533748500,false
ccy://RMG/VND2,14,2024-09-02,NaN,Error,cashModel,cashModel,N/A,N/A,"Used unpermissioned time series of type Currency named ""VND2""",false,2024-11-20T10:55:10.539884,false
ccy://RMG/DZD,14,2024-09-02,NaN,Success,cashModel,cashModel,N/A,N/A,,false,2024-11-20T10:55:10.539884,false
ccy://RMG/CLP1,14,2024-09-02,NaN,Error,cashModel,cashModel,N/A,N/A,"Used unpermissioned time series of type Currency named ""CLP1""",false,2024-11-20T10:55:10.539884,false
ccy://RMG/AUD_LCH,14,2024-09-02,NaN,Error,cashModel,cashModel,N/A,N/A,"Used unpermissioned time series of type Currency named ""AUD_LCH""",false,2024-11-20T10:55:10.539884,false
ccy://RMG/MYRT,14,2024-09-02,NaN,Error,cashModel,cashModel,N/A,N/A,"Used unpermissioned time series of type Currency named ""MYRT""",false,2024-11-20T10:55:10.539884,false
ccy://RMG/XSSUSD,14,2024-09-02,NaN,Success,cashModel,cashModel,N/A,N/A,"Holding ""ccy://RMG/XSSUSD"", has filled time series for valuation spec with statistics start date 20230903, statistics end date 20240902, and pricing date 20240902.  Filled time series descriptions:  Time series ""XSSUSD"" is backfilled or forward filled; earliest time series observation date is 20180321; latest time series observation date is 20221124; time series is flat filled; DATA ON THE PRICING DATE HAS BEEN FILLED FOR THIS TIME SERIES.",false,2024-11-20T10:55:10.539884,false
ccy://RMG/USD_SL,14,2024-09-02,NaN,Error,cashModel,cashModel,N/A,N/A,"Used unpermissioned time series of type Currency named ""USD_SL""",false,2024-11-20T10:55:10.539884,false
ccy://RMG/RUB1,14,2024-09-02,NaN,Error,cashModel,cashModel,N/A,N/A,"Used unpermissioned time series of type Currency named ""RUB1""",false,2024-11-20T10:55:10.539884,false
ccy://RMG/GEL_TCXF,14,2024-09-02,NaN,Error,cashModel,cashModel,N/A,N/A,"Used unpermissioned time series of type Currency named ""GEL_TCXF""",false,2024-11-20T10:55:10.539884,false
ccy://RMG/HK1,14,2024-09-02,NaN,Error,cashModel,cashModel,N/A,N/A,"Used unpermissioned time series of type Currency named ""HK1""",false,2024-11-20T10:55:10.539884,false
ccy://RMG/ISK3,14,2024-09-02,NaN,Error,cashModel,cashModel,N/A,N/A,"Used unpermissioned time series of type Currency named ""ISK3""",false,2024-11-20T10:55:10.539884,false
ccy://RMG/CYP,14,2024-09-02,NaN,Success,cashModel,cashModel,N/A,N/A,,false,2024-11-20T10:55:10.539884,false
ccy://RMG/CAD4,14,2024-09-02,NaN,Error,cashModel,cashModel,N/A,N/A,"Used unpermissioned time series of type Currency named ""CAD4""",false,2024-11-20T10:55:10.539884,false
ccy://RMG/MXN1,14,2024-09-02,NaN,Error,cashModel,cashModel,N/A,N/A,"Used unpermissioned time series of type Currency named ""MXN1""",false,2024-11-20T10:55:10.539884,false
ccy://RMG/HNL,14,2024-09-02,NaN,Success,cashModel,cashModel,N/A,N/A,,false,2024-11-20T10:55:10.539884,false
ccy://RMG/BRLUSD,14,2024-09-02,NaN,Error,cashModel,cashModel,N/A,N/A,"Used unpermissioned time series of type Currency named ""BRLUSD""",false,2024-11-20T10:55:10.539884,false
ccy://RMG/AK8,14,2024-09-02,NaN,Error,cashModel,cashModel,N/A,N/A,"Used unpermissioned time series of type Currency named ""AK8""",false,2024-11-20T10:55:10.539884,false
ccy://RMG/CZK2,14,2024-09-02,NaN,Error,cashModel,cashModel,N/A,N/A,"Used unpermissioned time series of type Currency named ""CZK2""",false,2024-11-20T10:55:10.539884,false
ccy://RMG/QR_AED,14,2024-09-02,NaN,Error,cashModel,cashModel,N/A,N/A,"Used unpermissioned time series of type Currency named ""QR_AED""",false,2024-11-20T10:55:10.539884,false
ccy://RMG/BOCDKK,14,2024-09-02,NaN,Error,cashModel,cashModel,N/A,N/A,"Used unpermissioned time series of type Currency named ""BOCDKK""",false,2024-11-20T10:55:10.539884,false
ccy://RMG/MOP_SL,14,2024-09-02,NaN,Error,cashModel,cashModel,N/A,N/A,"Used unpermissioned time series of type Currency named ""MOP_SL""",false,2024-11-20T10:55:10.539884,false
ccy://RMG/DZD_TCXF,14,2024-09-02,NaN,Error,cashModel,cashModel,N/A,N/A,"Used unpermissioned time series of type Currency named ""DZD_TCXF""",false,2024-11-20T10:55:10.539884,false
ccy://RMG/ILS2,14,2024-09-02,NaN,Error,cashModel,cashModel,N/A,N/A,"Used unpermissioned time series of type Currency named ""ILS2""",false,2024-11-20T10:55:10.539884,false
ccy://RMG/AED2,14,2024-09-02,NaN,Error,cashModel,cashModel,N/A,N/A,"Used unpermissioned time series of type Currency named ""AED2""",false,2024-11-20T10:55:10.539884,false
ccy://RMG/YGG3,14,2024-09-02,NaN,Error,cashModel,cashModel,N/A,N/A,"Used unpermissioned time series of type Currency named ""YGG3""",false,2024-11-20T10:55:10.539884,false
ccy://RMG/DZD_SL,14,2024-09-02,NaN,Error,cashModel,cashModel,N/A,N/A,"Used unpermissioned time series of type Currency named ""DZD_SL""",false,2024-11-20T10:55:10.539884,false
ccy://RMG/CNH7,14,2024-09-02,NaN,Success,cashModel,cashModel,N/A,N/A,"Holding ""ccy://RMG/CNH7"", has filled time series for valuation spec with statistics start date 20230903, statistics end date 20240902, and pricing date 20240902.  Filled time series descriptions:  Time series ""CNH7"" is backfilled or forward filled; earliest time series observation date is 20100101; latest time series observation date is 20141204; time series is flat filled; DATA ON THE PRICING DATE HAS BEEN FILLED FOR THIS TIME SERIES.",false,2024-11-20T10:55:10.539884,false
ccy://RMG/USD,14,2024-09-02,NaN,Success,cashModel,cashModel,N/A,N/A,,false,2024-11-20T10:55:10.539884,false
ccy://RMG/LAK,14,2024-09-02,NaN,Success,cashModel,cashModel,N/A,N/A,,false,2024-11-20T10:55:10.539884,false
ccy://RMG/BOCXAU,14,2024-09-02,NaN,Error,cashModel,cashModel,N/A,N/A,"Used unpermissioned time series of type Currency named ""BOCXAU""",false,2024-11-20T10:55:10.539884,false
ccy://RMG/LRD,14,2024-09-02,NaN,Success,cashModel,cashModel,N/A,N/A,,false,2024-11-20T10:55:10.539884,false
ccy://RMG/USD_TCXF,14,2024-09-02,NaN,Error,cashModel,cashModel,N/A,N/A,"Used unpermissioned time series of type Currency named ""USD_TCXF""",false,2024-11-20T10:55:10.539884,false
ccy://RMG/BCC_SVC1,14,2024-09-02,NaN,Error,cashModel,cashModel,N/A,N/A,"Used unpermissioned time series of type Currency named ""BCC_SVC1""",false,2024-11-20T10:55:10.539884,false
ccy://RMG/BCC_LTL1,14,2024-09-02,NaN,Error,cashModel,cashModel,N/A,N/A,"Used unpermissioned time series of type Currency named ""BCC_LTL1""",false,2024-11-20T10:55:10.539884,false
ccy://RMG/SGD2,14,2024-09-02,NaN,Error,cashModel,cashModel,N/A,N/A,"Used unpermissioned time series of type Currency named ""SGD2""",false,2024-11-20T10:55:10.539884,false
ccy://RMG/PAX1,14,2024-09-02,NaN,Error,cashModel,cashModel,N/A,N/A,"Used unpermissioned time series of type Currency named ""PAX1""",false,2024-11-20T10:55:10.539884,false
ccy://RMG/YFIUSD,14,2024-09-02,NaN,Success,cashModel,cashModel,N/A,N/A,"Holding ""ccy://RMG/YFIUSD"", has filled time series for valuation spec with statistics start date 20230903, statistics end date 20240902, and pricing date 20240902.  Filled time series descriptions:  Time series ""YFIUSD"" is backfilled or forward filled; earliest time series observation date is 20200731; latest time series observation date is 20221124; time series is flat filled; DATA ON THE PRICING DATE HAS BEEN FILLED FOR THIS TIME SERIES.",false,2024-11-20T10:55:10.539884,false
ccy://RMG/TJS3,14,2024-09-02,NaN,Error,cashModel,cashModel,N/A,N/A,"Used unpermissioned time series of type Currency named ""TJS3""",false,2024-11-20T10:55:10.539884,false
ccy://RMG/CYP_SL,14,2024-09-02,NaN,Error,cashModel,cashModel,N/A,N/A,"Used unpermissioned time series of type Currency named ""CYP_SL""",false,2024-11-20T10:55:10.539884,false
ccy://RMG/PHP2,14,2024-09-02,NaN,Error,cashModel,cashModel,N/A,N/A,"Used unpermissioned time series of type Currency named ""PHP2""",false,2024-11-20T10:55:10.539884,false
ccy://RMG/BCC_PGK1,14,2024-09-02,NaN,Error,cashModel,cashModel,N/A,N/A,"Used unpermissioned time series of type Currency named ""BCC_PGK1""",false,2024-11-20T10:55:10.539884,false
ccy://RMG/ATS2,14,2024-09-02,NaN,Error,cashModel,cashModel,N/A,N/A,"Used unpermissioned time series of type Currency named ""ATS2""",false,2024-11-20T10:55:10.539884,false
ccy://RMG/MOP,14,2024-09-02,NaN,Success,cashModel,cashModel,N/A,N/A,,false,2024-11-20T10:55:10.539884,false
ccy://RMG/BOCOMR,14,2024-09-02,NaN,Error,cashModel,cashModel,N/A,N/A,"Used unpermissioned time series of type Currency named ""BOCOMR""",false,2024-11-20T10:55:10.539884,false
ccy://RMG/SPXCHF,14,2024-09-02,NaN,Error,cashModel,cashModel,N/A,N/A,"Used unpermissioned time series of type Currency named ""SPXCHF""",false,2024-11-20T10:55:10.539884,false
ccy://RMG/EUR,14,2024-09-02,NaN,Success,cashModel,cashModel,N/A,N/A,,false,2024-11-20T10:55:10.539884,false
ccy://RMG/JPY1,14,2024-09-02,NaN,Error,cashModel,cashModel,N/A,N/A,"Used unpermissioned time series of type Currency named ""JPY1""",false,2024-11-20T10:55:10.539884,false
ccy://RMG/EUR8,14,2024-09-02,NaN,Success,cashModel,cashModel,N/A,N/A,"Holding ""ccy://RMG/EUR8"", has filled time series for valuation spec with statistics start date 20230903, statistics end date 20240902, and pricing date 20240902.  Filled time series descriptions:  Time series ""EUR8"" is backfilled or forward filled; earliest time series observation date is 20020703; latest time series observation date is 20111109; time series is flat filled; DATA ON THE PRICING DATE HAS BEEN FILLED FOR THIS TIME SERIES.",false,2024-11-20T10:55:10.539884,false
ccy://RMG/BHD,14,2024-09-02,NaN,Success,cashModel,cashModel,N/A,N/A,,false,2024-11-20T10:55:10.539884,false
ccy://RMG/EURCurncy,14,2024-09-02,NaN,Error,cashModel,cashModel,N/A,N/A,"Used unpermissioned time series of type Currency named ""EURCurncy""",false,2024-11-20T10:55:10.539884,false
ccy://RMG/XPT2,14,2024-09-02,NaN,Error,cashModel,cashModel,N/A,N/A,"Used unpermissioned time series of type Currency named ""XPT2""",false,2024-11-20T10:55:10.539884,false
ccy://RMG/EUR_SL,14,2024-09-02,NaN,Error,cashModel,cashModel,N/A,N/A,"Used unpermissioned time series of type Currency named ""EUR_SL""",false,2024-11-20T10:55:10.539884,false
ccy://RMG/GEL,14,2024-09-02,NaN,Success,cashModel,cashModel,N/A,N/A,,false,2024-11-20T10:55:10.539884,false
(102457:2583)-285,14,2024-09-02,NaN,Success,equityModel,equityModel,N/A,N/A,,false,2024-11-20T10:55:23.209277,false
(102457:2583)-311,14,2024-09-02,NaN,Success,equityModel,equityModel,N/A,N/A,,false,2024-11-20T10:55:23.209277,false
ccy://RMG/USD3,19,2024-09-02,NaN,Error,cashModel,cashModel,N/A,N/A,"Used unpermissioned time series of type Currency named ""USD3""",false,2024-11-20T10:55:10.533748500,false
ccy://RMG/CLPT,19,2024-09-02,NaN,Error,cashModel,cashModel,N/A,N/A,"Used unpermissioned time series of type Currency named ""CLPT""",false,2024-11-20T10:55:10.533748500,false
ccy://RMG/BTC2,19,2024-09-02,NaN,Error,cashModel,cashModel,N/A,N/A,"Used unpermissioned time series of type Currency named ""BTC2""",false,2024-11-20T10:55:10.533748500,false
ccy://RMG/RND1,19,2024-09-02,NaN,Error,cashModel,cashModel,N/A,N/A,"Used unpermissioned time series of type Currency named ""RND1""",false,2024-11-20T10:55:10.533748500,false
ccy://RMG/DKK1,19,2024-09-02,NaN,Error,cashModel,cashModel,N/A,N/A,"Used unpermissioned time series of type Currency named ""DKK1""",false,2024-11-20T10:55:10.533748500,false
ccy://RMG/AUB3,19,2024-09-02,NaN,Error,cashModel,cashModel,N/A,N/A,"Used unpermissioned time series of type Currency named ""AUB3""",false,2024-11-20T10:55:10.533748500,false
ccy://RMG/AK10,19,2024-09-02,NaN,Error,cashModel,cashModel,N/A,N/A,"Used unpermissioned time series of type Currency named ""AK10""",false,2024-11-20T10:55:10.533748500,false
ccy://RMG/CNO5,19,2024-09-02,NaN,Error,cashModel,cashModel,N/A,N/A,"Used unpermissioned time series of type Currency named ""CNO5""",false,2024-11-20T10:55:10.533748500,false
ccy://RMG/AUD1,19,2024-09-02,NaN,Error,cashModel,cashModel,N/A,N/A,"Used unpermissioned time series of type Currency named ""AUD1""",false,2024-11-20T10:55:10.533748500,false
ccy://RMG/BCC_LUF1,19,2024-09-02,NaN,Error,cashModel,cashModel,N/A,N/A,"Used unpermissioned time series of type Currency named ""BCC_LUF1""",false,2024-11-20T10:55:10.539884,false
ccy://RMG/XI2,19,2024-09-02,NaN,Error,cashModel,cashModel,N/A,N/A,"Used unpermissioned time series of type Currency named ""XI2""",false,2024-11-20T10:55:10.539884,false
ccy://RMG/COU,19,2024-09-02,NaN,Success,cashModel,cashModel,N/A,N/A,,false,2024-11-20T10:55:10.539884,false
ccy://RMG/BOCTOP,19,2024-09-02,NaN,Error,cashModel,cashModel,N/A,N/A,"Used unpermissioned time series of type Currency named ""BOCTOP""",false,2024-11-20T10:55:10.539884,false
ccy://RMG/BCC_GRD1,19,2024-09-02,NaN,Error,cashModel,cashModel,N/A,N/A,"Used unpermissioned time series of type Currency named ""BCC_GRD1""",false,2024-11-20T10:55:10.539884,false
ccy://RMG/GRD,19,2024-09-02,NaN,Success,cashModel,cashModel,N/A,N/A,,false,2024-11-20T10:55:10.539884,false
ccy://RMG/PAB,19,2024-09-02,NaN,Success,cashModel,cashModel,N/A,N/A,,false,2024-11-20T10:55:10.539884,false
ccy://RMG/RUBT,19,2024-09-02,NaN,Error,cashModel,cashModel,N/A,N/A,"Used unpermissioned time series of type Currency named ""RUBT""",false,2024-11-20T10:55:10.539884,false
ccy://RMG/BOCXAF,19,2024-09-02,NaN,Error,cashModel,cashModel,N/A,N/A,"Used unpermissioned time series of type Currency named ""BOCXAF""",false,2024-11-20T10:55:10.539884,false
ccy://RMG/MXNT,19,2024-09-02,NaN,Error,cashModel,cashModel,N/A,N/A,"Used unpermissioned time series of type Currency named ""MXNT""",false,2024-11-20T10:55:10.539884,false
ccy://RMG/NCB,19,2024-09-02,NaN,Error,cashModel,cashModel,N/A,N/A,"Used unpermissioned time series of type Currency named ""NCB""",false,2024-11-20T10:55:10.539884,false
ccy://RMG/XAU1,19,2024-09-02,NaN,Error,cashModel,cashModel,N/A,N/A,"Used unpermissioned time series of type Currency named ""XAU1""",false,2024-11-20T10:55:10.539884,false
ccy://RMG/XLKUSD,19,2024-09-02,NaN,Success,cashModel,cashModel,N/A,N/A,"Holding ""ccy://RMG/XLKUSD"", has filled time series for valuation spec with statistics start date 20230903, statistics end date 20240902, and pricing date 20240902.  Filled time series descriptions:  Time series ""XLKUSD"" is backfilled or forward filled; earliest time series observation date is 20200921; latest time series observation date is 20221124; time series is flat filled; DATA ON THE PRICING DATE HAS BEEN FILLED FOR THIS TIME SERIES.",false,2024-11-20T10:55:10.539884,false
ccy://RMG/DOG1,19,2024-09-02,NaN,Error,cashModel,cashModel,N/A,N/A,"Used unpermissioned time series of type Currency named ""DOG1""",false,2024-11-20T10:55:10.539884,false
ccy://RMG/CNH2,19,2024-09-02,NaN,Error,cashModel,cashModel,N/A,N/A,"Used unpermissioned time series of type Currency named ""CNH2""",false,2024-11-20T10:55:10.539884,false
ccy://RMG/GBP2,19,2024-09-02,NaN,Error,cashModel,cashModel,N/A,N/A,"Used unpermissioned time series of type Currency named ""GBP2""",false,2024-11-20T10:55:10.539884,false
ccy://RMG/TJS,19,2024-09-02,NaN,Success,cashModel,cashModel,N/A,N/A,,false,2024-11-20T10:55:10.539884,false
ccy://RMG/BOCAIA,19,2024-09-02,NaN,Error,cashModel,cashModel,N/A,N/A,"Used unpermissioned time series of type Currency named ""BOCAIA""",false,2024-11-20T10:55:10.539884,false
ccy://RMG/LUF,19,2024-09-02,NaN,Success,cashModel,cashModel,N/A,N/A,,false,2024-11-20T10:55:10.539884,false
ccy://RMG/AK3,19,2024-09-02,NaN,Error,cashModel,cashModel,N/A,N/A,"Used unpermissioned time series of type Currency named ""AK3""",false,2024-11-20T10:55:10.539884,false
ccy://RMG/BMD,19,2024-09-02,NaN,Success,cashModel,cashModel,N/A,N/A,,false,2024-11-20T10:55:10.539884,false
ccy://RMG/ATO1,19,2024-09-02,NaN,Error,cashModel,cashModel,N/A,N/A,"Used unpermissioned time series of type Currency named ""ATO1""",false,2024-11-20T10:55:10.539884,false
ccy://RMG/QR_GBP,19,2024-09-02,NaN,Error,cashModel,cashModel,N/A,N/A,"Used unpermissioned time series of type Currency named ""QR_GBP""",false,2024-11-20T10:55:10.539884,false
ccy://RMG/MNT_TCXF,19,2024-09-02,NaN,Error,cashModel,cashModel,N/A,N/A,"Used unpermissioned time series of type Currency named ""MNT_TCXF""",false,2024-11-20T10:55:10.539884,false
ccy://RMG/LNAUSD,19,2024-09-02,NaN,Success,cashModel,cashModel,N/A,N/A,"Holding ""ccy://RMG/LNAUSD"", has filled time series for valuation spec with statistics start date 20230903, statistics end date 20240902, and pricing date 20240902.  Filled time series descriptions:  Time series ""LNAUSD"" is backfilled or forward filled; earliest time series observation date is 20170222; latest time series observation date is 20221124; time series is flat filled; DATA ON THE PRICING DATE HAS BEEN FILLED FOR THIS TIME SERIES.",false,2024-11-20T10:55:10.539884,false
ccy://RMG/BOB_TCXF,19,2024-09-02,NaN,Error,cashModel,cashModel,N/A,N/A,"Used unpermissioned time series of type Currency named ""BOB_TCXF""",false,2024-11-20T10:55:10.539884,false
ccy://RMG/ISK_SL,19,2024-09-02,NaN,Error,cashModel,cashModel,N/A,N/A,"Used unpermissioned time series of type Currency named ""ISK_SL""",false,2024-11-20T10:55:10.539884,false
ccy://RMG/EUR3,19,2024-09-02,NaN,Error,cashModel,cashModel,N/A,N/A,"Used unpermissioned time series of type Currency named ""EUR3""",false,2024-11-20T10:55:10.539884,false
ccy://RMG/HUF2,19,2024-09-02,NaN,Error,cashModel,cashModel,N/A,N/A,"Used unpermissioned time series of type Currency named ""HUF2""",false,2024-11-20T10:55:10.539884,false
ccy://RMG/BRL5,19,2024-09-02,NaN,Success,cashModel,cashModel,N/A,N/A,"Holding ""ccy://RMG/BRL5"", has filled time series for valuation spec with statistics start date 20230903, statistics end date 20240902, and pricing date 20240902.  Filled time series descriptions:  Time series ""BRL5"" is backfilled or forward filled; earliest time series observation date is 20141001; latest time series observation date is 20141001; time series is flat filled; DATA ON THE PRICING DATE HAS BEEN FILLED FOR THIS TIME SERIES.",false,2024-11-20T10:55:10.539884,false
ccy://RMG/SEK2,19,2024-09-02,NaN,Error,cashModel,cashModel,N/A,N/A,"Used unpermissioned time series of type Currency named ""SEK2""",false,2024-11-20T10:55:10.539884,false
ccy://RMG/BOCVN1,19,2024-09-02,NaN,Error,cashModel,cashModel,N/A,N/A,"Used unpermissioned time series of type Currency named ""BOCVN1""",false,2024-11-20T10:55:10.539884,false
ccy://RMG/BCC_ISK1,19,2024-09-02,NaN,Error,cashModel,cashModel,N/A,N/A,"Used unpermissioned time series of type Currency named ""BCC_ISK1""",false,2024-11-20T10:55:10.539884,false
ccy://RMG/CHN2,19,2024-09-02,NaN,Error,cashModel,cashModel,N/A,N/A,"Used unpermissioned time series of type Currency named ""CHN2""",false,2024-11-20T10:55:10.539884,false
ccy://RMG/BCC_PAB1,19,2024-09-02,NaN,Error,cashModel,cashModel,N/A,N/A,"Used unpermissioned time series of type Currency named ""BCC_PAB1""",false,2024-11-20T10:55:10.539884,false
ccy://RMG/AK29,19,2024-09-02,NaN,Error,cashModel,cashModel,N/A,N/A,"Used unpermissioned time series of type Currency named ""AK29""",false,2024-11-20T10:55:10.539884,false
ccy://RMG/ISK,19,2024-09-02,NaN,Success,cashModel,cashModel,N/A,N/A,,false,2024-11-20T10:55:10.539884,false
ccy://RMG/BHD3,19,2024-09-02,NaN,Error,cashModel,cashModel,N/A,N/A,"Used unpermissioned time series of type Currency named ""BHD3""",false,2024-11-20T10:55:10.539884,false
ccy://RMG/FXGBP,19,2024-09-02,NaN,Error,cashModel,cashModel,N/A,N/A,"Used unpermissioned time series of type Currency named ""FXGBP""",false,2024-11-20T10:55:10.539884,false
ccy://RMG/GBPF,19,2024-09-02,NaN,Error,cashModel,cashModel,N/A,N/A,"Used unpermissioned time series of type Currency named ""GBPF""",false,2024-11-20T10:55:10.539884,false
ccy://RMG/BOB,19,2024-09-02,NaN,Success,cashModel,cashModel,N/A,N/A,,false,2024-11-20T10:55:10.539884,false
ccy://RMG/MDL,19,2024-09-02,NaN,Success,cashModel,cashModel,N/A,N/A,,false,2024-11-20T10:55:10.539884,false
ccy://RMG/IDRT,19,2024-09-02,NaN,Error,cashModel,cashModel,N/A,N/A,"Used unpermissioned time series of type Currency named ""IDRT""",false,2024-11-20T10:55:10.539884,false
ccy://RMG/QR_CNH,19,2024-09-02,NaN,Error,cashModel,cashModel,N/A,N/A,"Used unpermissioned time series of type Currency named ""QR_CNH""",false,2024-11-20T10:55:10.539884,false
ccy://RMG/EURKT,19,2024-09-02,NaN,Error,cashModel,cashModel,N/A,N/A,"Used unpermissioned time series of type Currency named ""EURKT""",false,2024-11-20T10:55:10.539884,false
ccy://RMG/KRW5,19,2024-09-02,NaN,Error,cashModel,cashModel,N/A,N/A,"Used unpermissioned time series of type Currency named ""KRW5""",false,2024-11-20T10:55:10.539884,false
ccy://RMG/AU2N_UAT,19,2024-09-02,NaN,Error,cashModel,cashModel,N/A,N/A,"Used unpermissioned time series of type Currency named ""AU2N_UAT""",false,2024-11-20T10:55:10.539884,false
ccy://RMG/BOCINR,19,2024-09-02,NaN,Error,cashModel,cashModel,N/A,N/A,"Used unpermissioned time series of type Currency named ""BOCINR""",false,2024-11-20T10:55:10.539884,false
ccy://RMG/BOCSRD,19,2024-09-02,NaN,Error,cashModel,cashModel,N/A,N/A,"Used unpermissioned time series of type Currency named ""BOCSRD""",false,2024-11-20T10:55:10.539884,false
ccy://RMG/SOL1,19,2024-09-02,NaN,Error,cashModel,cashModel,N/A,N/A,"Used unpermissioned time series of type Currency named ""SOL1""",false,2024-11-20T10:55:10.539884,false
ccy://RMG/NGN2,19,2024-09-02,NaN,Error,cashModel,cashModel,N/A,N/A,"Used unpermissioned time series of type Currency named ""NGN2""",false,2024-11-20T10:55:10.539884,false
ccy://RMG/BOCXCD,19,2024-09-02,NaN,Error,cashModel,cashModel,N/A,N/A,"Used unpermissioned time series of type Currency named ""BOCXCD""",false,2024-11-20T10:55:10.539884,false
ccy://RMG/CDF_TCXF,19,2024-09-02,NaN,Error,cashModel,cashModel,N/A,N/A,"Used unpermissioned time series of type Currency named ""CDF_TCXF""",false,2024-11-20T10:55:10.539884,false
ccy://RMG/JPYT,19,2024-09-02,NaN,Error,cashModel,cashModel,N/A,N/A,"Used unpermissioned time series of type Currency named ""JPYT""",false,2024-11-20T10:55:10.539884,false
ccy://RMG/NAD,19,2024-09-02,NaN,Success,cashModel,cashModel,N/A,N/A,,false,2024-11-20T10:55:10.539884,false
(102457:2583)-299,19,2024-09-02,NaN,Success,equityModel,equityModel,N/A,N/A,,false,2024-11-20T10:55:23.209277,false
(102457:2583)-325,19,2024-09-02,NaN,Success,equityModel,equityModel,N/A,N/A,,false,2024-11-20T10:55:23.209277,false
(102457:2583)-307,19,2024-09-02,NaN,Success,equityModel,equityModel,N/A,N/A,,false,2024-11-20T10:55:23.209277,false
(102457:2583)-280,19,2024-09-02,NaN,Success,equityModel,equityModel,N/A,N/A,,false,2024-11-20T10:55:23.209277,false
ccy://RMG/BOCPKR,13,2024-09-02,NaN,Error,cashModel,cashModel,N/A,N/A,"Used unpermissioned time series of type Currency named ""BOCPKR""",false,2024-11-20T10:55:10.533748500,false
ccy://RMG/JOD_TCXF,13,2024-09-02,NaN,Error,cashModel,cashModel,N/A,N/A,"Used unpermissioned time series of type Currency named ""JOD_TCXF""",false,2024-11-20T10:55:10.533748500,false
ccy://RMG/AK16,13,2024-09-02,NaN,Error,cashModel,cashModel,N/A,N/A,"Used unpermissioned time series of type Currency named ""AK16""",false,2024-11-20T10:55:10.533748500,false
ccy://RMG/USDJPY,13,2024-09-02,NaN,Error,cashModel,cashModel,N/A,N/A,"Used unpermissioned time series of type Currency named ""USDJPY""",false,2024-11-20T10:55:10.533748500,false
ccy://RMG/BOCAUC,13,2024-09-02,NaN,Error,cashModel,cashModel,N/A,N/A,"Used unpermissioned time series of type Currency named ""BOCAUC""",false,2024-11-20T10:55:10.533748500,false
ccy://RMG/ARW1,13,2024-09-02,NaN,Error,cashModel,cashModel,N/A,N/A,"Used unpermissioned time series of type Currency named ""ARW1""",false,2024-11-20T10:55:10.539884,false
ccy://RMG/JPYF,13,2024-09-02,NaN,Error,cashModel,cashModel,N/A,N/A,"Used unpermissioned time series of type Currency named ""JPYF""",false,2024-11-20T10:55:10.539884,false
ccy://RMG/XOF,13,2024-09-02,NaN,Success,cashModel,cashModel,N/A,N/A,,false,2024-11-20T10:55:10.539884,false
ccy://RMG/USDMXN,13,2024-09-02,NaN,Error,cashModel,cashModel,N/A,N/A,"Used unpermissioned time series of type Currency named ""USDMXN""",false,2024-11-20T10:55:10.539884,false
ccy://RMG/RUB2,13,2024-09-02,NaN,Error,cashModel,cashModel,N/A,N/A,"Used unpermissioned time series of type Currency named ""RUB2""",false,2024-11-20T10:55:10.539884,false
ccy://RMG/BOCBSD,13,2024-09-02,NaN,Error,cashModel,cashModel,N/A,N/A,"Used unpermissioned time series of type Currency named ""BOCBSD""",false,2024-11-20T10:55:10.539884,false
ccy://RMG/GBPL,13,2024-09-02,NaN,Success,cashModel,cashModel,N/A,N/A,"Holding ""ccy://RMG/GBPL"", has filled time series for valuation spec with statistics start date 20230903, statistics end date 20240902, and pricing date 20240902.  Filled time series descriptions:  Time series ""GBPL"" is backfilled or forward filled; earliest time series observation date is 20070328; latest time series observation date is 20130412; time series is flat filled; DATA ON THE PRICING DATE HAS BEEN FILLED FOR THIS TIME SERIES.",false,2024-11-20T10:55:10.539884,false
ccy://RMG/BOCVUV,13,2024-09-02,NaN,Error,cashModel,cashModel,N/A,N/A,"Used unpermissioned time series of type Currency named ""BOCVUV""",false,2024-11-20T10:55:10.539884,false
ccy://RMG/CAD5,13,2024-09-02,NaN,Error,cashModel,cashModel,N/A,N/A,"Used unpermissioned time series of type Currency named ""CAD5""",false,2024-11-20T10:55:10.539884,false
ccy://RMG/BYR_TCXF,13,2024-09-02,NaN,Error,cashModel,cashModel,N/A,N/A,"Used unpermissioned time series of type Currency named ""BYR_TCXF""",false,2024-11-20T10:55:10.539884,false
ccy://RMG/AK9,13,2024-09-02,NaN,Error,cashModel,cashModel,N/A,N/A,"Used unpermissioned time series of type Currency named ""AK9""",false,2024-11-20T10:55:10.539884,false
ccy://RMG/CZK3,13,2024-09-02,NaN,Error,cashModel,cashModel,N/A,N/A,"Used unpermissioned time series of type Currency named ""CZK3""",false,2024-11-20T10:55:10.539884,false
ccy://RMG/PKR,13,2024-09-02,NaN,Success,cashModel,cashModel,N/A,N/A,,false,2024-11-20T10:55:10.539884,false
ccy://RMG/CHF_LCH,13,2024-09-02,NaN,Error,cashModel,cashModel,N/A,N/A,"Used unpermissioned time series of type Currency named ""CHF_LCH""",false,2024-11-20T10:55:10.539884,false
ccy://RMG/RONT,13,2024-09-02,NaN,Error,cashModel,cashModel,N/A,N/A,"Used unpermissioned time series of type Currency named ""RONT""",false,2024-11-20T10:55:10.539884,false
ccy://RMG/BOCXAU1,13,2024-09-02,NaN,Error,cashModel,cashModel,N/A,N/A,"Used unpermissioned time series of type Currency named ""BOCXAU1""",false,2024-11-20T10:55:10.539884,false
ccy://RMG/ZAR,13,2024-09-02,NaN,Success,cashModel,cashModel,N/A,N/A,,false,2024-11-20T10:55:10.539884,false
ccy://RMG/MXN2,13,2024-09-02,NaN,Error,cashModel,cashModel,N/A,N/A,"Used unpermissioned time series of type Currency named ""MXN2""",false,2024-11-20T10:55:10.539884,false
ccy://RMG/BCC_ZAR1,13,2024-09-02,NaN,Error,cashModel,cashModel,N/A,N/A,"Used unpermissioned time series of type Currency named ""BCC_ZAR1""",false,2024-11-20T10:55:10.539884,false
ccy://RMG/CADUSD_CCD,13,2024-09-02,NaN,Error,cashModel,cashModel,N/A,N/A,"Used unpermissioned time series of type Currency named ""CADUSD_CCD""",false,2024-11-20T10:55:10.539884,false
ccy://RMG/CLP2,13,2024-09-02,NaN,Error,cashModel,cashModel,N/A,N/A,"Used unpermissioned time series of type Currency named ""CLP2""",false,2024-11-20T10:55:10.539884,false
ccy://RMG/XI2H,13,2024-09-02,NaN,Error,cashModel,cashModel,N/A,N/A,"Used unpermissioned time series of type Currency named ""XI2H""",false,2024-11-20T10:55:10.539884,false
ccy://RMG/TWDT,13,2024-09-02,NaN,Error,cashModel,cashModel,N/A,N/A,"Used unpermissioned time series of type Currency named ""TWDT""",false,2024-11-20T10:55:10.539884,false
ccy://RMG/ISD1,13,2024-09-02,NaN,Error,cashModel,cashModel,N/A,N/A,"Used unpermissioned time series of type Currency named ""ISD1""",false,2024-11-20T10:55:10.539884,false
ccy://RMG/UAH3,13,2024-09-02,NaN,Error,cashModel,cashModel,N/A,N/A,"Used unpermissioned time series of type Currency named ""UAH3""",false,2024-11-20T10:55:10.539884,false
ccy://RMG/HTG,13,2024-09-02,NaN,Success,cashModel,cashModel,N/A,N/A,,false,2024-11-20T10:55:10.539884,false
ccy://RMG/XAIC,13,2024-09-02,NaN,Error,cashModel,cashModel,N/A,N/A,"Used unpermissioned time series of type Currency named ""XAIC""",false,2024-11-20T10:55:10.539884,false
ccy://RMG/VUV,13,2024-09-02,NaN,Success,cashModel,cashModel,N/A,N/A,,false,2024-11-20T10:55:10.539884,false
ccy://RMG/XAGY,13,2024-09-02,NaN,Error,cashModel,cashModel,N/A,N/A,"Used unpermissioned time series of type Currency named ""XAGY""",false,2024-11-20T10:55:10.539884,false
ccy://RMG/BSD,13,2024-09-02,NaN,Success,cashModel,cashModel,N/A,N/A,,false,2024-11-20T10:55:10.539884,false
ccy://RMG/SGD3,13,2024-09-02,NaN,Error,cashModel,cashModel,N/A,N/A,"Used unpermissioned time series of type Currency named ""SGD3""",false,2024-11-20T10:55:10.539884,false
ccy://RMG/TZS_TCXF,13,2024-09-02,NaN,Error,cashModel,cashModel,N/A,N/A,"Used unpermissioned time series of type Currency named ""TZS_TCXF""",false,2024-11-20T10:55:10.539884,false
ccy://RMG/BOCXOF,13,2024-09-02,NaN,Error,cashModel,cashModel,N/A,N/A,"Used unpermissioned time series of type Currency named ""BOCXOF""",false,2024-11-20T10:55:10.539884,false
ccy://RMG/XSI1,13,2024-09-02,NaN,Error,cashModel,cashModel,N/A,N/A,"Used unpermissioned time series of type Currency named ""XSI1""",false,2024-11-20T10:55:10.539884,false
ccy://RMG/CHFT,13,2024-09-02,NaN,Error,cashModel,cashModel,N/A,N/A,"Used unpermissioned time series of type Currency named ""CHFT""",false,2024-11-20T10:55:10.539884,false
ccy://RMG/GBP8,13,2024-09-02,NaN,Success,cashModel,cashModel,N/A,N/A,"Holding ""ccy://RMG/GBP8"", has filled time series for valuation spec with statistics start date 20230903, statistics end date 20240902, and pricing date 20240902.  Filled time series descriptions:  Time series ""GBP8"" is backfilled or forward filled; earliest time series observation date is 20020703; latest time series observation date is 20111109; time series is flat filled; DATA ON THE PRICING DATE HAS BEEN FILLED FOR THIS TIME SERIES.",false,2024-11-20T10:55:10.539884,false
ccy://RMG/XAU_BP,13,2024-09-02,NaN,Error,cashModel,cashModel,N/A,N/A,"Used unpermissioned time series of type Currency named ""XAU_BP""",false,2024-11-20T10:55:10.539884,false
ccy://RMG/CMP1,13,2024-09-02,NaN,Error,cashModel,cashModel,N/A,N/A,"Used unpermissioned time series of type Currency named ""CMP1""",false,2024-11-20T10:55:10.539884,false
ccy://RMG/BCC_PKR1,13,2024-09-02,NaN,Error,cashModel,cashModel,N/A,N/A,"Used unpermissioned time series of type Currency named ""BCC_PKR1""",false,2024-11-20T10:55:10.539884,false
ccy://RMG/XAG1,13,2024-09-02,NaN,Error,cashModel,cashModel,N/A,N/A,"Used unpermissioned time series of type Currency named ""XAG1""",false,2024-11-20T10:55:10.539884,false
ccy://RMG/ROS1,13,2024-09-02,NaN,Error,cashModel,cashModel,N/A,N/A,"Used unpermissioned time series of type Currency named ""ROS1""",false,2024-11-20T10:55:10.539884,false
ccy://RMG/EUR9,13,2024-09-02,NaN,Success,cashModel,cashModel,N/A,N/A,"Holding ""ccy://RMG/EUR9"", has filled time series for valuation spec with statistics start date 20230903, statistics end date 20240902, and pricing date 20240902.  Filled time series descriptions:  Time series ""EUR9"" is backfilled or forward filled; earliest time series observation date is 20180530; latest time series observation date is 20180531; time series is flat filled; DATA ON THE PRICING DATE HAS BEEN FILLED FOR THIS TIME SERIES.",false,2024-11-20T10:55:10.539884,false
ccy://RMG/PLN1,13,2024-09-02,NaN,Error,cashModel,cashModel,N/A,N/A,"Used unpermissioned time series of type Currency named ""PLN1""",false,2024-11-20T10:55:10.539884,false
ccy://RMG/TRY_SL,13,2024-09-02,NaN,Error,cashModel,cashModel,N/A,N/A,"Used unpermissioned time series of type Currency named ""TRY_SL""",false,2024-11-20T10:55:10.539884,false
ccy://RMG/EURJEF,13,2024-09-02,NaN,Error,cashModel,cashModel,N/A,N/A,"Used unpermissioned time series of type Currency named ""EURJEF""",false,2024-11-20T10:55:10.539884,false
ccy://RMG/EUZ1,13,2024-09-02,NaN,Success,cashModel,cashModel,N/A,N/A,"Holding ""ccy://RMG/EUZ1"", has filled time series for valuation spec with statistics start date 20230903, statistics end date 20240902, and pricing date 20240902.  Filled time series descriptions:  Time series ""EUZ1"" is backfilled or forward filled; earliest time series observation date is 20060526; latest time series observation date is 20150529; time series is flat filled; DATA ON THE PRICING DATE HAS BEEN FILLED FOR THIS TIME SERIES.",false,2024-11-20T10:55:10.539884,false
ccy://RMG/XPT3,13,2024-09-02,NaN,Error,cashModel,cashModel,N/A,N/A,"Used unpermissioned time series of type Currency named ""XPT3""",false,2024-11-20T10:55:10.539884,false
ccy://RMG/MXNF,13,2024-09-02,NaN,Success,cashModel,cashModel,N/A,N/A,"Holding ""ccy://RMG/MXNF"", has filled time series for valuation spec with statistics start date 20230903, statistics end date 20240902, and pricing date 20240902.  Filled time series descriptions:  Time series ""MXNF"" is backfilled or forward filled; earliest time series observation date is 19970506; latest time series observation date is 20120507; time series is flat filled; DATA ON THE PRICING DATE HAS BEEN FILLED FOR THIS TIME SERIES.",false,2024-11-20T10:55:10.539884,false
ccy://RMG/BCC_XOF1,13,2024-09-02,NaN,Error,cashModel,cashModel,N/A,N/A,"Used unpermissioned time series of type Currency named ""BCC_XOF1""",false,2024-11-20T10:55:10.539884,false
ccy://RMG/BOCZAR,13,2024-09-02,NaN,Error,cashModel,cashModel,N/A,N/A,"Used unpermissioned time series of type Currency named ""BOCZAR""",false,2024-11-20T10:55:10.539884,false
ccy://RMG/PEN_TCXF,13,2024-09-02,NaN,Error,cashModel,cashModel,N/A,N/A,"Used unpermissioned time series of type Currency named ""PEN_TCXF""",false,2024-11-20T10:55:10.539884,false
ccy://RMG/JPY2,13,2024-09-02,NaN,Error,cashModel,cashModel,N/A,N/A,"Used unpermissioned time series of type Currency named ""JPY2""",false,2024-11-20T10:55:10.539884,false
(102457:2583)-330,13,2024-09-02,NaN,Success,equityModel,equityModel,N/A,N/A,,false,2024-11-20T10:55:23.209277,false
(102457:2583)-286,13,2024-09-02,NaN,Success,equityModel,equityModel,N/A,N/A,,false,2024-11-20T10:55:23.209277,false
(102457:2583)-312,13,2024-09-02,NaN,Success,equityModel,equityModel,N/A,N/A,,false,2024-11-20T10:55:23.209277,false
ccy://RMG/VES,12,2024-09-02,NaN,Success,cashModel,cashModel,N/A,N/A,,false,2024-11-20T10:55:10.533748500,false
ccy://RMG/CLP3,12,2024-09-02,NaN,Error,cashModel,cashModel,N/A,N/A,"Used unpermissioned time series of type Currency named ""CLP3""",false,2024-11-20T10:55:10.533748500,false
ccy://RMG/BOCCYP,12,2024-09-02,NaN,Error,cashModel,cashModel,N/A,N/A,"Used unpermissioned time series of type Currency named ""BOCCYP""",false,2024-11-20T10:55:10.533748500,false
ccy://RMG/AUD8,12,2024-09-02,NaN,Success,cashModel,cashModel,N/A,N/A,"Holding ""ccy://RMG/AUD8"", has filled time series for valuation spec with statistics start date 20230903, statistics end date 20240902, and pricing date 20240902.  Filled time series descriptions:  Time series ""AUD8"" is backfilled or forward filled; earliest time series observation date is 20020703; latest time series observation date is 20111109; time series is flat filled; DATA ON THE PRICING DATE HAS BEEN FILLED FOR THIS TIME SERIES.",false,2024-11-20T10:55:10.533748500,false
ccy://RMG/AK17,12,2024-09-02,NaN,Error,cashModel,cashModel,N/A,N/A,"Used unpermissioned time series of type Currency named ""AK17""",false,2024-11-20T10:55:10.533748500,false
ccy://RMG/BOCAUB,12,2024-09-02,NaN,Error,cashModel,cashModel,N/A,N/A,"Used unpermissioned time series of type Currency named ""BOCAUB""",false,2024-11-20T10:55:10.533748500,false
ccy://RMG/USC1,12,2024-09-02,NaN,Error,cashModel,cashModel,N/A,N/A,"Used unpermissioned time series of type Currency named ""USC1""",false,2024-11-20T10:55:10.533748500,false
ccy://RMG/CNOP,12,2024-09-02,NaN,Error,cashModel,cashModel,N/A,N/A,"Used unpermissioned time series of type Currency named ""CNOP""",false,2024-11-20T10:55:10.533748500,false
ccy://RMG/BOCRU1,12,2024-09-02,NaN,Error,cashModel,cashModel,N/A,N/A,"Used unpermissioned time series of type Currency named ""BOCRU1""",false,2024-11-20T10:55:10.533748500,false
ccy://RMG/GOLD,12,2024-09-02,NaN,Error,cashModel,cashModel,N/A,N/A,"Used unpermissioned time series of type Currency named ""GOLD""",false,2024-11-20T10:55:10.539884,false
ccy://RMG/NEAUSD,12,2024-09-02,NaN,Success,cashModel,cashModel,N/A,N/A,"Holding ""ccy://RMG/NEAUSD"", has filled time series for valuation spec with statistics start date 20230903, statistics end date 20240902, and pricing date 20240902.  Filled time series descriptions:  Time series ""NEAUSD"" is backfilled or forward filled; earliest time series observation date is 20201015; latest time series observation date is 20221124; time series is flat filled; DATA ON THE PRICING DATE HAS BEEN FILLED FOR THIS TIME SERIES.",false,2024-11-20T10:55:10.539884,false
ccy://RMG/BOCGEL,12,2024-09-02,NaN,Error,cashModel,cashModel,N/A,N/A,"Used unpermissioned time series of type Currency named ""BOCGEL""",false,2024-11-20T10:55:10.539884,false
ccy://RMG/TIN1,12,2024-09-02,NaN,Error,cashModel,cashModel,N/A,N/A,"Used unpermissioned time series of type Currency named ""TIN1""",false,2024-11-20T10:55:10.539884,false
ccy://RMG/BOCBHD,12,2024-09-02,NaN,Error,cashModel,cashModel,N/A,N/A,"Used unpermissioned time series of type Currency named ""BOCBHD""",false,2024-11-20T10:55:10.539884,false
ccy://RMG/SART,12,2024-09-02,NaN,Error,cashModel,cashModel,N/A,N/A,"Used unpermissioned time series of type Currency named ""SART""",false,2024-11-20T10:55:10.539884,false
ccy://RMG/BCC_LVL1,12,2024-09-02,NaN,Error,cashModel,cashModel,N/A,N/A,"Used unpermissioned time series of type Currency named ""BCC_LVL1""",false,2024-11-20T10:55:10.539884,false
ccy://RMG/CRC_TCXF,12,2024-09-02,NaN,Error,cashModel,cashModel,N/A,N/A,"Used unpermissioned time series of type Currency named ""CRC_TCXF""",false,2024-11-20T10:55:10.539884,false
ccy://RMG/SRMUSD,12,2024-09-02,NaN,Success,cashModel,cashModel,N/A,N/A,"Holding ""ccy://RMG/SRMUSD"", has filled time series for valuation spec with statistics start date 20230903, statistics end date 20240902, and pricing date 20240902.  Filled time series descriptions:  Time series ""SRMUSD"" is backfilled or forward filled; earliest time series observation date is 20200812; latest time series observation date is 20221124; time series is flat filled; DATA ON THE PRICING DATE HAS BEEN FILLED FOR THIS TIME SERIES.",false,2024-11-20T10:55:10.539884,false
ccy://RMG/CAD_LCH,12,2024-09-02,NaN,Error,cashModel,cashModel,N/A,N/A,"Used unpermissioned time series of type Currency named ""CAD_LCH""",false,2024-11-20T10:55:10.539884,false
ccy://RMG/VND_TCXF,12,2024-09-02,NaN,Error,cashModel,cashModel,N/A,N/A,"Used unpermissioned time series of type Currency named ""VND_TCXF""",false,2024-11-20T10:55:10.539884,false
ccy://RMG/XAU,12,2024-09-02,NaN,Success,cashModel,cashModel,N/A,N/A,,false,2024-11-20T10:55:10.539884,false
ccy://RMG/XOUUSD,12,2024-09-02,NaN,Success,cashModel,cashModel,N/A,N/A,"Holding ""ccy://RMG/XOUUSD"", has filled time series for valuation spec with statistics start date 20230903, statistics end date 20240902, and pricing date 20240902.  Filled time series descriptions:  Time series ""XOUUSD"" is backfilled or forward filled; earliest time series observation date is 20210315; latest time series observation date is 20221124; time series is flat filled; DATA ON THE PRICING DATE HAS BEEN FILLED FOR THIS TIME SERIES.",false,2024-11-20T10:55:10.539884,false
ccy://RMG/BCC_QAR1,12,2024-09-02,NaN,Error,cashModel,cashModel,N/A,N/A,"Used unpermissioned time series of type Currency named ""BCC_QAR1""",false,2024-11-20T10:55:10.539884,false
ccy://RMG/BOCGHS,12,2024-09-02,NaN,Error,cashModel,cashModel,N/A,N/A,"Used unpermissioned time series of type Currency named ""BOCGHS""",false,2024-11-20T10:55:10.539884,false
ccy://RMG/BOCUSD,12,2024-09-02,NaN,Error,cashModel,cashModel,N/A,N/A,"Used unpermissioned time series of type Currency named ""BOCUSD""",false,2024-11-20T10:55:10.539884,false
ccy://RMG/BAT1,12,2024-09-02,NaN,Error,cashModel,cashModel,N/A,N/A,"Used unpermissioned time series of type Currency named ""BAT1""",false,2024-11-20T10:55:10.539884,false
ccy://RMG/DKK,12,2024-09-02,NaN,Success,cashModel,cashModel,N/A,N/A,,false,2024-11-20T10:55:10.539884,false
ccy://RMG/SLE,12,2024-09-02,NaN,Success,cashModel,cashModel,N/A,N/A,,false,2024-11-20T10:55:10.539884,false
ccy://RMG/IDR3,12,2024-09-02,NaN,Error,cashModel,cashModel,N/A,N/A,"Used unpermissioned time series of type Currency named ""IDR3""",false,2024-11-20T10:55:10.539884,false
ccy://RMG/BRL_SL,12,2024-09-02,NaN,Error,cashModel,cashModel,N/A,N/A,"Used unpermissioned time series of type Currency named ""BRL_SL""",false,2024-11-20T10:55:10.539884,false
ccy://RMG/HKD1,12,2024-09-02,NaN,Error,cashModel,cashModel,N/A,N/A,"Used unpermissioned time series of type Currency named ""HKD1""",false,2024-11-20T10:55:10.539884,false
ccy://RMG/ETH1,12,2024-09-02,NaN,Error,cashModel,cashModel,N/A,N/A,"Used unpermissioned time series of type Currency named ""ETH1""",false,2024-11-20T10:55:10.539884,false
ccy://RMG/BOCBAU,12,2024-09-02,NaN,Error,cashModel,cashModel,N/A,N/A,"Used unpermissioned time series of type Currency named ""BOCBAU""",false,2024-11-20T10:55:10.539884,false
ccy://RMG/MXN3,12,2024-09-02,NaN,Error,cashModel,cashModel,N/A,N/A,"Used unpermissioned time series of type Currency named ""MXN3""",false,2024-11-20T10:55:10.539884,false
ccy://RMG/BOCXAU2,12,2024-09-02,NaN,Error,cashModel,cashModel,N/A,N/A,"Used unpermissioned time series of type Currency named ""BOCXAU2""",false,2024-11-20T10:55:10.539884,false
ccy://RMG/BOCEUR,12,2024-09-02,NaN,Error,cashModel,cashModel,N/A,N/A,"Used unpermissioned time series of type Currency named ""BOCEUR""",false,2024-11-20T10:55:10.539884,false
ccy://RMG/SGDCurncy,12,2024-09-02,NaN,Error,cashModel,cashModel,N/A,N/A,"Used unpermissioned time series of type Currency named ""SGDCurncy""",false,2024-11-20T10:55:10.539884,false
ccy://RMG/BOCMOP,12,2024-09-02,NaN,Error,cashModel,cashModel,N/A,N/A,"Used unpermissioned time series of type Currency named ""BOCMOP""",false,2024-11-20T10:55:10.539884,false
ccy://RMG/QR_CAD,12,2024-09-02,NaN,Error,cashModel,cashModel,N/A,N/A,"Used unpermissioned time series of type Currency named ""QR_CAD""",false,2024-11-20T10:55:10.539884,false
ccy://RMG/BOCDZD,12,2024-09-02,NaN,Error,cashModel,cashModel,N/A,N/A,"Used unpermissioned time series of type Currency named ""BOCDZD""",false,2024-11-20T10:55:10.539884,false
ccy://RMG/XAUSHA,12,2024-09-02,NaN,Success,cashModel,cashModel,N/A,N/A,,false,2024-11-20T10:55:10.539884,false
ccy://RMG/AUD,12,2024-09-02,NaN,Success,cashModel,cashModel,N/A,N/A,,false,2024-11-20T10:55:10.539884,false
ccy://RMG/CNY_LCH,12,2024-09-02,NaN,Error,cashModel,cashModel,N/A,N/A,"Used unpermissioned time series of type Currency named ""CNY_LCH""",false,2024-11-20T10:55:10.539884,false
ccy://RMG/NOKUSD,12,2024-09-02,NaN,Error,cashModel,cashModel,N/A,N/A,"Used unpermissioned time series of type Currency named ""NOKUSD""",false,2024-11-20T10:55:10.539884,false
ccy://RMG/SGD4,12,2024-09-02,NaN,Error,cashModel,cashModel,N/A,N/A,"Used unpermissioned time series of type Currency named ""SGD4""",false,2024-11-20T10:55:10.539884,false
ccy://RMG/HXRUSD,12,2024-09-02,NaN,Success,cashModel,cashModel,N/A,N/A,"Holding ""ccy://RMG/HXRUSD"", has filled time series for valuation spec with statistics start date 20230903, statistics end date 20240902, and pricing date 20240902.  Filled time series descriptions:  Time series ""HXRUSD"" is backfilled or forward filled; earliest time series observation date is 20190805; latest time series observation date is 20221124; time series is flat filled; DATA ON THE PRICING DATE HAS BEEN FILLED FOR THIS TIME SERIES.",false,2024-11-20T10:55:10.539884,false
ccy://RMG/OMR,12,2024-09-02,NaN,Success,cashModel,cashModel,N/A,N/A,,false,2024-11-20T10:55:10.539884,false
ccy://RMG/AUA1,12,2024-09-02,NaN,Error,cashModel,cashModel,N/A,N/A,"Used unpermissioned time series of type Currency named ""AUA1""",false,2024-11-20T10:55:10.539884,false
ccy://RMG/SKK3,12,2024-09-02,NaN,Error,cashModel,cashModel,N/A,N/A,"Used unpermissioned time series of type Currency named ""SKK3""",false,2024-11-20T10:55:10.539884,false
ccy://RMG/BCC_MYR1,12,2024-09-02,NaN,Error,cashModel,cashModel,N/A,N/A,"Used unpermissioned time series of type Currency named ""BCC_MYR1""",false,2024-11-20T10:55:10.539884,false
ccy://RMG/XAG2,12,2024-09-02,NaN,Error,cashModel,cashModel,N/A,N/A,"Used unpermissioned time series of type Currency named ""XAG2""",false,2024-11-20T10:55:10.539884,false
ccy://RMG/PLN2,12,2024-09-02,NaN,Error,cashModel,cashModel,N/A,N/A,"Used unpermissioned time series of type Currency named ""PLN2""",false,2024-11-20T10:55:10.539884,false
ccy://RMG/FXCAD,12,2024-09-02,NaN,Error,cashModel,cashModel,N/A,N/A,"Used unpermissioned time series of type Currency named ""FXCAD""",false,2024-11-20T10:55:10.539884,false
ccy://RMG/BOCLRD,12,2024-09-02,NaN,Error,cashModel,cashModel,N/A,N/A,"Used unpermissioned time series of type Currency named ""BOCLRD""",false,2024-11-20T10:55:10.539884,false
ccy://RMG/ZMW_TCXF,12,2024-09-02,NaN,Error,cashModel,cashModel,N/A,N/A,"Used unpermissioned time series of type Currency named ""ZMW_TCXF""",false,2024-11-20T10:55:10.539884,false
ccy://RMG/BOCKR1,12,2024-09-02,NaN,Error,cashModel,cashModel,N/A,N/A,"Used unpermissioned time series of type Currency named ""BOCKR1""",false,2024-11-20T10:55:10.539884,false
ccy://RMG/BOCUDI,12,2024-09-02,NaN,Error,cashModel,cashModel,N/A,N/A,"Used unpermissioned time series of type Currency named ""BOCUDI""",false,2024-11-20T10:55:10.539884,false
ccy://RMG/BTN,12,2024-09-02,NaN,Success,cashModel,cashModel,N/A,N/A,,false,2024-11-20T10:55:10.539884,false
ccy://RMG/JPY3,12,2024-09-02,NaN,Error,cashModel,cashModel,N/A,N/A,"Used unpermissioned time series of type Currency named ""JPY3""",false,2024-11-20T10:55:10.539884,false
ccy://RMG/KRW_SL,12,2024-09-02,NaN,Error,cashModel,cashModel,N/A,N/A,"Used unpermissioned time series of type Currency named ""KRW_SL""",false,2024-11-20T10:55:10.539884,false
(102457:2583)-287,12,2024-09-02,NaN,Error,equityModel,equityModel,N/A,N/A,"Unknown equity time series named ""13123X508""",false,2024-11-20T10:55:23.209277,false
(102457:2583)-313,12,2024-09-02,NaN,Success,equityModel,equityModel,N/A,N/A,,false,2024-11-20T10:55:23.209277,false
(102457:2583)-331,12,2024-09-02,NaN,Success,equityModel,equityModel,N/A,N/A,,false,2024-11-20T10:55:23.209277,false
ccy://RMG/BOCTTD,2,2024-09-02,NaN,Error,cashModel,cashModel,N/A,N/A,"Used unpermissioned time series of type Currency named ""BOCTTD""",false,2024-11-20T10:55:10.533748500,false
ccy://RMG/BOCCRC,2,2024-09-02,NaN,Error,cashModel,cashModel,N/A,N/A,"Used unpermissioned time series of type Currency named ""BOCCRC""",false,2024-11-20T10:55:10.533748500,false
ccy://RMG/BOCAUL,2,2024-09-02,NaN,Error,cashModel,cashModel,N/A,N/A,"Used unpermissioned time series of type Currency named ""BOCAUL""",false,2024-11-20T10:55:10.533748500,false
ccy://RMG/QAR,2,2024-09-02,NaN,Success,cashModel,cashModel,N/A,N/A,,false,2024-11-20T10:55:10.539884,false
ccy://RMG/TRY1,2,2024-09-02,NaN,Error,cashModel,cashModel,N/A,N/A,"Used unpermissioned time series of type Currency named ""TRY1""",false,2024-11-20T10:55:10.539884,false
ccy://RMG/CZKUSD,2,2024-09-02,NaN,Error,cashModel,cashModel,N/A,N/A,"Used unpermissioned time series of type Currency named ""CZKUSD""",false,2024-11-20T10:55:10.539884,false
ccy://RMG/AK0,2,2024-09-02,NaN,Error,cashModel,cashModel,N/A,N/A,"Used unpermissioned time series of type Currency named ""AK0""",false,2024-11-20T10:55:10.539884,false
ccy://RMG/CNY_SL,2,2024-09-02,NaN,Error,cashModel,cashModel,N/A,N/A,"Used unpermissioned time series of type Currency named ""CNY_SL""",false,2024-11-20T10:55:10.539884,false
ccy://RMG/EU3Y,2,2024-09-02,NaN,Error,cashModel,cashModel,N/A,N/A,"Used unpermissioned time series of type Currency named ""EU3Y""",false,2024-11-20T10:55:10.539884,false
ccy://RMG/UGX_TCXF,2,2024-09-02,NaN,Error,cashModel,cashModel,N/A,N/A,"Used unpermissioned time series of type Currency named ""UGX_TCXF""",false,2024-11-20T10:55:10.539884,false
ccy://RMG/KAS3,2,2024-09-02,NaN,Error,cashModel,cashModel,N/A,N/A,"Used unpermissioned time series of type Currency named ""KAS3""",false,2024-11-20T10:55:10.539884,false
ccy://RMG/MYR_TCXF,2,2024-09-02,NaN,Error,cashModel,cashModel,N/A,N/A,"Used unpermissioned time series of type Currency named ""MYR_TCXF""",false,2024-11-20T10:55:10.539884,false
ccy://RMG/CNY.BH,2,2024-09-02,NaN,Success,cashModel,cashModel,N/A,N/A,"Holding ""ccy://RMG/CNY.BH"", has filled time series for valuation spec with statistics start date 20230903, statistics end date 20240902, and pricing date 20240902.  Filled time series descriptions:  Time series ""CNY.BH"" is backfilled or forward filled; earliest time series observation date is 20031027; latest time series observation date is 20240715; time series is flat filled; DATA ON THE PRICING DATE HAS BEEN FILLED FOR THIS TIME SERIES.",false,2024-11-20T10:55:10.539884,false
ccy://RMG/QR_SAR,2,2024-09-02,NaN,Error,cashModel,cashModel,N/A,N/A,"Used unpermissioned time series of type Currency named ""QR_SAR""",false,2024-11-20T10:55:10.539884,false
ccy://RMG/DEM2,2,2024-09-02,NaN,Error,cashModel,cashModel,N/A,N/A,"Used unpermissioned time series of type Currency named ""DEM2""",false,2024-11-20T10:55:10.539884,false
ccy://RMG/CADT,2,2024-09-02,NaN,Error,cashModel,cashModel,N/A,N/A,"Used unpermissioned time series of type Currency named ""CADT""",false,2024-11-20T10:55:10.539884,false
ccy://RMG/MUR_SL,2,2024-09-02,NaN,Error,cashModel,cashModel,N/A,N/A,"Used unpermissioned time series of type Currency named ""MUR_SL""",false,2024-11-20T10:55:10.539884,false
ccy://RMG/EUR_TCXF,2,2024-09-02,NaN,Error,cashModel,cashModel,N/A,N/A,"Used unpermissioned time series of type Currency named ""EUR_TCXF""",false,2024-11-20T10:55:10.539884,false
ccy://RMG/XPF,2,2024-09-02,NaN,Success,cashModel,cashModel,N/A,N/A,,false,2024-11-20T10:55:10.539884,false
ccy://RMG/BOCAG2,2,2024-09-02,NaN,Error,cashModel,cashModel,N/A,N/A,"Used unpermissioned time series of type Currency named ""BOCAG2""",false,2024-11-20T10:55:10.539884,false
ccy://RMG/BOCPGK,2,2024-09-02,NaN,Error,cashModel,cashModel,N/A,N/A,"Used unpermissioned time series of type Currency named ""BOCPGK""",false,2024-11-20T10:55:10.539884,false
ccy://RMG/BCC_AUD1,2,2024-09-02,NaN,Error,cashModel,cashModel,N/A,N/A,"Used unpermissioned time series of type Currency named ""BCC_AUD1""",false,2024-11-20T10:55:10.539884,false
ccy://RMG/BOCXPD,2,2024-09-02,NaN,Error,cashModel,cashModel,N/A,N/A,"Used unpermissioned time series of type Currency named ""BOCXPD""",false,2024-11-20T10:55:10.539884,false
ccy://RMG/AK26,2,2024-09-02,NaN,Error,cashModel,cashModel,N/A,N/A,"Used unpermissioned time series of type Currency named ""AK26""",false,2024-11-20T10:55:10.539884,false
ccy://RMG/BCC_DKK1,2,2024-09-02,NaN,Error,cashModel,cashModel,N/A,N/A,"Used unpermissioned time series of type Currency named ""BCC_DKK1""",false,2024-11-20T10:55:10.539884,false
ccy://RMG/LVL,2,2024-09-02,NaN,Success,cashModel,cashModel,N/A,N/A,,false,2024-11-20T10:55:10.539884,false
ccy://RMG/BOCNZD,2,2024-09-02,NaN,Error,cashModel,cashModel,N/A,N/A,"Used unpermissioned time series of type Currency named ""BOCNZD""",false,2024-11-20T10:55:10.539884,false
ccy://RMG/GYD,2,2024-09-02,NaN,Success,cashModel,cashModel,N/A,N/A,,false,2024-11-20T10:55:10.539884,false
ccy://RMG/BOCCOP,2,2024-09-02,NaN,Error,cashModel,cashModel,N/A,N/A,"Used unpermissioned time series of type Currency named ""BOCCOP""",false,2024-11-20T10:55:10.539884,false
ccy://RMG/UZS,2,2024-09-02,NaN,Success,cashModel,cashModel,N/A,N/A,,false,2024-11-20T10:55:10.539884,false
ccy://RMG/BOCSVC,2,2024-09-02,NaN,Error,cashModel,cashModel,N/A,N/A,"Used unpermissioned time series of type Currency named ""BOCSVC""",false,2024-11-20T10:55:10.539884,false
ccy://RMG/THB4,2,2024-09-02,NaN,Error,cashModel,cashModel,N/A,N/A,"Used unpermissioned time series of type Currency named ""THB4""",false,2024-11-20T10:55:10.539884,false
ccy://RMG/ZWG,2,2024-09-02,NaN,Success,cashModel,cashModel,N/A,N/A,,false,2024-11-20T10:55:10.539884,false
ccy://RMG/XDR,2,2024-09-02,NaN,Success,cashModel,cashModel,N/A,N/A,,false,2024-11-20T10:55:10.539884,false
ccy://RMG/BDT,2,2024-09-02,NaN,Success,cashModel,cashModel,N/A,N/A,,false,2024-11-20T10:55:10.539884,false
ccy://RMG/EUR0,2,2024-09-02,NaN,Error,cashModel,cashModel,N/A,N/A,"Used unpermissioned time series of type Currency named ""EUR0""",false,2024-11-20T10:55:10.539884,false
ccy://RMG/BCH1,2,2024-09-02,NaN,Error,cashModel,cashModel,N/A,N/A,"Used unpermissioned time series of type Currency named ""BCH1""",false,2024-11-20T10:55:10.539884,false
ccy://RMG/PLN_SL,2,2024-09-02,NaN,Error,cashModel,cashModel,N/A,N/A,"Used unpermissioned time series of type Currency named ""PLN_SL""",false,2024-11-20T10:55:10.539884,false
ccy://RMG/BOCGTQ,2,2024-09-02,NaN,Error,cashModel,cashModel,N/A,N/A,"Used unpermissioned time series of type Currency named ""BOCGTQ""",false,2024-11-20T10:55:10.539884,false
ccy://RMG/PHO5,2,2024-09-02,NaN,Error,cashModel,cashModel,N/A,N/A,"Used unpermissioned time series of type Currency named ""PHO5""",false,2024-11-20T10:55:10.539884,false
ccy://RMG/CRV1,2,2024-09-02,NaN,Error,cashModel,cashModel,N/A,N/A,"Used unpermissioned time series of type Currency named ""CRV1""",false,2024-11-20T10:55:10.539884,false
ccy://RMG/GHS_TCXF,2,2024-09-02,NaN,Error,cashModel,cashModel,N/A,N/A,"Used unpermissioned time series of type Currency named ""GHS_TCXF""",false,2024-11-20T10:55:10.539884,false
ccy://RMG/CN3N,2,2024-09-02,NaN,Error,cashModel,cashModel,N/A,N/A,"Used unpermissioned time series of type Currency named ""CN3N""",false,2024-11-20T10:55:10.539884,false
ccy://RMG/ARST,2,2024-09-02,NaN,Error,cashModel,cashModel,N/A,N/A,"Used unpermissioned time series of type Currency named ""ARST""",false,2024-11-20T10:55:10.539884,false
ccy://RMG/LBP_TCXF,2,2024-09-02,NaN,Error,cashModel,cashModel,N/A,N/A,"Used unpermissioned time series of type Currency named ""LBP_TCXF""",false,2024-11-20T10:55:10.539884,false
ccy://RMG/UZS_TCXF,2,2024-09-02,NaN,Error,cashModel,cashModel,N/A,N/A,"Used unpermissioned time series of type Currency named ""UZS_TCXF""",false,2024-11-20T10:55:10.539884,false
ccy://RMG/SPEC1,2,2024-09-02,NaN,Error,cashModel,cashModel,N/A,N/A,"Used unpermissioned time series of type Currency named ""SPEC1""",false,2024-11-20T10:55:10.539884,false
ccy://RMG/KRW2,2,2024-09-02,NaN,Error,cashModel,cashModel,N/A,N/A,"Used unpermissioned time series of type Currency named ""KRW2""",false,2024-11-20T10:55:10.539884,false
ccy://RMG/ARS_TCXF,2,2024-09-02,NaN,Error,cashModel,cashModel,N/A,N/A,"Used unpermissioned time series of type Currency named ""ARS_TCXF""",false,2024-11-20T10:55:10.539884,false
ccy://RMG/BOCAR1,2,2024-09-02,NaN,Error,cashModel,cashModel,N/A,N/A,"Used unpermissioned time series of type Currency named ""BOCAR1""",false,2024-11-20T10:55:10.539884,false
ccy://RMG/NOK4,2,2024-09-02,NaN,Error,cashModel,cashModel,N/A,N/A,"Used unpermissioned time series of type Currency named ""NOK4""",false,2024-11-20T10:55:10.539884,false
ccy://RMG/AFN3,2,2024-09-02,NaN,Error,cashModel,cashModel,N/A,N/A,"Used unpermissioned time series of type Currency named ""AFN3""",false,2024-11-20T10:55:10.539884,false
ccy://RMG/MYR,2,2024-09-02,NaN,Success,cashModel,cashModel,N/A,N/A,,false,2024-11-20T10:55:10.539884,false
ccy://RMG/INR3,2,2024-09-02,NaN,Error,cashModel,cashModel,N/A,N/A,"Used unpermissioned time series of type Currency named ""INR3""",false,2024-11-20T10:55:10.539884,false
ccy://RMG/ILSUSD,2,2024-09-02,NaN,Error,cashModel,cashModel,N/A,N/A,"Used unpermissioned time series of type Currency named ""ILSUSD""",false,2024-11-20T10:55:10.539884,false
ccy://RMG/GBPC,2,2024-09-02,NaN,Error,cashModel,cashModel,N/A,N/A,"Used unpermissioned time series of type Currency named ""GBPC""",false,2024-11-20T10:55:10.539884,false
ccy://RMG/BAM,2,2024-09-02,NaN,Success,cashModel,cashModel,N/A,N/A,,false,2024-11-20T10:55:10.539884,false
ccy://RMG/MKD_TCXF,2,2024-09-02,NaN,Error,cashModel,cashModel,N/A,N/A,"Used unpermissioned time series of type Currency named ""MKD_TCXF""",false,2024-11-20T10:55:10.539884,false
(102457:2583)-296,2,2024-09-02,NaN,Success,equityModel,equityModel,N/A,N/A,,false,2024-11-20T10:55:23.209277,false
(102457:2583)-322,2,2024-09-02,NaN,Success,equityModel,equityModel,N/A,N/A,,false,2024-11-20T10:55:23.209277,false
(102457:2583)-304,2,2024-09-02,NaN,Success,equityModel,equityModel,N/A,N/A,,false,2024-11-20T10:55:23.209277,false
ccy://RMG/BOCPLN,0,2024-09-02,NaN,Error,cashModel,cashModel,N/A,N/A,"Used unpermissioned time series of type Currency named ""BOCPLN""",false,2024-11-20T10:55:10.533748500,false
ccy://RMG/SGD_SL,0,2024-09-02,NaN,Error,cashModel,cashModel,N/A,N/A,"Used unpermissioned time series of type Currency named ""SGD_SL""",false,2024-11-20T10:55:10.533748500,false
ccy://RMG/BTC1,0,2024-09-02,NaN,Error,cashModel,cashModel,N/A,N/A,"Used unpermissioned time series of type Currency named ""BTC1""",false,2024-11-20T10:55:10.533748500,false
ccy://RMG/BCC_SIT1,0,2024-09-02,NaN,Error,cashModel,cashModel,N/A,N/A,"Used unpermissioned time series of type Currency named ""BCC_SIT1""",false,2024-11-20T10:55:10.533748500,false
ccy://RMG/AUB2,0,2024-09-02,NaN,Error,cashModel,cashModel,N/A,N/A,"Used unpermissioned time series of type Currency named ""AUB2""",false,2024-11-20T10:55:10.533748500,false
ccy://RMG/BOCANG,0,2024-09-02,NaN,Error,cashModel,cashModel,N/A,N/A,"Used unpermissioned time series of type Currency named ""BOCANG""",false,2024-11-20T10:55:10.533748500,false
ccy://RMG/USDF,0,2024-09-02,NaN,Error,cashModel,cashModel,N/A,N/A,"Used unpermissioned time series of type Currency named ""USDF""",false,2024-11-20T10:55:10.533748500,false
ccy://RMG/CADUSD,0,2024-09-02,NaN,Error,cashModel,cashModel,N/A,N/A,"Used unpermissioned time series of type Currency named ""CADUSD""",false,2024-11-20T10:55:10.533748500,false
ccy://RMG/NIO,0,2024-09-02,NaN,Success,cashModel,cashModel,N/A,N/A,,false,2024-11-20T10:55:10.539884,false
ccy://RMG/XI1,0,2024-09-02,NaN,Error,cashModel,cashModel,N/A,N/A,"Used unpermissioned time series of type Currency named ""XI1""",false,2024-11-20T10:55:10.539884,false
ccy://RMG/AMD_TCXF,0,2024-09-02,NaN,Error,cashModel,cashModel,N/A,N/A,"Used unpermissioned time series of type Currency named ""AMD_TCXF""",false,2024-11-20T10:55:10.539884,false
ccy://RMG/IQD_TCXF,0,2024-09-02,NaN,Error,cashModel,cashModel,N/A,N/A,"Used unpermissioned time series of type Currency named ""IQD_TCXF""",false,2024-11-20T10:55:10.539884,false
ccy://RMG/CZK_SL,0,2024-09-02,NaN,Error,cashModel,cashModel,N/A,N/A,"Used unpermissioned time series of type Currency named ""CZK_SL""",false,2024-11-20T10:55:10.539884,false
ccy://RMG/BCC_ARS1,0,2024-09-02,NaN,Error,cashModel,cashModel,N/A,N/A,"Used unpermissioned time series of type Currency named ""BCC_ARS1""",false,2024-11-20T10:55:10.539884,false
ccy://RMG/TRY3,0,2024-09-02,NaN,Error,cashModel,cashModel,N/A,N/A,"Used unpermissioned time series of type Currency named ""TRY3""",false,2024-11-20T10:55:10.539884,false
ccy://RMG/LAK2,0,2024-09-02,NaN,Error,cashModel,cashModel,N/A,N/A,"Used unpermissioned time series of type Currency named ""LAK2""",false,2024-11-20T10:55:10.539884,false
ccy://RMG/MAD,0,2024-09-02,NaN,Success,cashModel,cashModel,N/A,N/A,,false,2024-11-20T10:55:10.539884,false
ccy://RMG/AGTE_UAT,0,2024-09-02,NaN,Error,cashModel,cashModel,N/A,N/A,"Used unpermissioned time series of type Currency named ""AGTE_UAT""",false,2024-11-20T10:55:10.539884,false
ccy://RMG/BOCXAG,0,2024-09-02,NaN,Error,cashModel,cashModel,N/A,N/A,"Used unpermissioned time series of type Currency named ""BOCXAG""",false,2024-11-20T10:55:10.539884,false
ccy://RMG/CZKT,0,2024-09-02,NaN,Error,cashModel,cashModel,N/A,N/A,"Used unpermissioned time series of type Currency named ""CZKT""",false,2024-11-20T10:55:10.539884,false
ccy://RMG/NCA,0,2024-09-02,NaN,Error,cashModel,cashModel,N/A,N/A,"Used unpermissioned time series of type Currency named ""NCA""",false,2024-11-20T10:55:10.539884,false
ccy://RMG/CNH1,0,2024-09-02,NaN,Error,cashModel,cashModel,N/A,N/A,"Used unpermissioned time series of type Currency named ""CNH1""",false,2024-11-20T10:55:10.539884,false
ccy://RMG/BCC_FIM1,0,2024-09-02,NaN,Error,cashModel,cashModel,N/A,N/A,"Used unpermissioned time series of type Currency named ""BCC_FIM1""",false,2024-11-20T10:55:10.539884,false
ccy://RMG/BBD,0,2024-09-02,NaN,Success,cashModel,cashModel,N/A,N/A,,false,2024-11-20T10:55:10.539884,false
ccy://RMG/PHP_SL,0,2024-09-02,NaN,Error,cashModel,cashModel,N/A,N/A,"Used unpermissioned time series of type Currency named ""PHP_SL""",false,2024-11-20T10:55:10.539884,false
ccy://RMG/BCC_EGP1,0,2024-09-02,NaN,Error,cashModel,cashModel,N/A,N/A,"Used unpermissioned time series of type Currency named ""BCC_EGP1""",false,2024-11-20T10:55:10.539884,false
ccy://RMG/AK28,0,2024-09-02,NaN,Error,cashModel,cashModel,N/A,N/A,"Used unpermissioned time series of type Currency named ""AK28""",false,2024-11-20T10:55:10.539884,false
ccy://RMG/KWD,0,2024-09-02,NaN,Success,cashModel,cashModel,N/A,N/A,,false,2024-11-20T10:55:10.539884,false
ccy://RMG/GBP1,0,2024-09-02,NaN,Error,cashModel,cashModel,N/A,N/A,"Used unpermissioned time series of type Currency named ""GBP1""",false,2024-11-20T10:55:10.539884,false
ccy://RMG/ILST,0,2024-09-02,NaN,Error,cashModel,cashModel,N/A,N/A,"Used unpermissioned time series of type Currency named ""ILST""",false,2024-11-20T10:55:10.539884,false
ccy://RMG/AEDT,0,2024-09-02,NaN,Error,cashModel,cashModel,N/A,N/A,"Used unpermissioned time series of type Currency named ""AEDT""",false,2024-11-20T10:55:10.539884,false
ccy://RMG/AK2,0,2024-09-02,NaN,Error,cashModel,cashModel,N/A,N/A,"Used unpermissioned time series of type Currency named ""AK2""",false,2024-11-20T10:55:10.539884,false
ccy://RMG/BCC_CAD1,0,2024-09-02,NaN,Error,cashModel,cashModel,N/A,N/A,"Used unpermissioned time series of type Currency named ""BCC_CAD1""",false,2024-11-20T10:55:10.539884,false
ccy://RMG/QR_QAR,0,2024-09-02,NaN,Error,cashModel,cashModel,N/A,N/A,"Used unpermissioned time series of type Currency named ""QR_QAR""",false,2024-11-20T10:55:10.539884,false
ccy://RMG/EUR2,0,2024-09-02,NaN,Error,cashModel,cashModel,N/A,N/A,"Used unpermissioned time series of type Currency named ""EUR2""",false,2024-11-20T10:55:10.539884,false
ccy://RMG/BOCCN1,0,2024-09-02,NaN,Error,cashModel,cashModel,N/A,N/A,"Used unpermissioned time series of type Currency named ""BOCCN1""",false,2024-11-20T10:55:10.539884,false
ccy://RMG/HUF1,0,2024-09-02,NaN,Error,cashModel,cashModel,N/A,N/A,"Used unpermissioned time series of type Currency named ""HUF1""",false,2024-11-20T10:55:10.539884,false
ccy://RMG/SEK1,0,2024-09-02,NaN,Error,cashModel,cashModel,N/A,N/A,"Used unpermissioned time series of type Currency named ""SEK1""",false,2024-11-20T10:55:10.539884,false
ccy://RMG/CHN1,0,2024-09-02,NaN,Error,cashModel,cashModel,N/A,N/A,"Used unpermissioned time series of type Currency named ""CHN1""",false,2024-11-20T10:55:10.539884,false
ccy://RMG/DEPO,0,2024-09-02,NaN,Error,cashModel,cashModel,N/A,N/A,"Used unpermissioned time series of type Currency named ""DEPO""",false,2024-11-20T10:55:10.539884,false
ccy://RMG/MAD_TCXF,0,2024-09-02,NaN,Error,cashModel,cashModel,N/A,N/A,"Used unpermissioned time series of type Currency named ""MAD_TCXF""",false,2024-11-20T10:55:10.539884,false
ccy://RMG/AMD,0,2024-09-02,NaN,Success,cashModel,cashModel,N/A,N/A,,false,2024-11-20T10:55:10.539884,false
ccy://RMG/SAR,0,2024-09-02,NaN,Success,cashModel,cashModel,N/A,N/A,,false,2024-11-20T10:55:10.539884,false
ccy://RMG/NPR,0,2024-09-02,NaN,Success,cashModel,cashModel,N/A,N/A,,false,2024-11-20T10:55:10.539884,false
ccy://RMG/SGDT,0,2024-09-02,NaN,Error,cashModel,cashModel,N/A,N/A,"Used unpermissioned time series of type Currency named ""SGDT""",false,2024-11-20T10:55:10.539884,false
ccy://RMG/PHPT,0,2024-09-02,NaN,Error,cashModel,cashModel,N/A,N/A,"Used unpermissioned time series of type Currency named ""PHPT""",false,2024-11-20T10:55:10.539884,false
ccy://RMG/BOCUGX,0,2024-09-02,NaN,Error,cashModel,cashModel,N/A,N/A,"Used unpermissioned time series of type Currency named ""BOCUGX""",false,2024-11-20T10:55:10.539884,false
ccy://RMG/ILS_SL,0,2024-09-02,NaN,Error,cashModel,cashModel,N/A,N/A,"Used unpermissioned time series of type Currency named ""ILS_SL""",false,2024-11-20T10:55:10.539884,false
ccy://RMG/KRW4,0,2024-09-02,NaN,Error,cashModel,cashModel,N/A,N/A,"Used unpermissioned time series of type Currency named ""KRW4""",false,2024-11-20T10:55:10.539884,false
ccy://RMG/STX3,0,2024-09-02,NaN,Error,cashModel,cashModel,N/A,N/A,"Used unpermissioned time series of type Currency named ""STX3""",false,2024-11-20T10:55:10.539884,false
ccy://RMG/AED_SL,0,2024-09-02,NaN,Error,cashModel,cashModel,N/A,N/A,"Used unpermissioned time series of type Currency named ""AED_SL""",false,2024-11-20T10:55:10.539884,false
ccy://RMG/WBT1,0,2024-09-02,NaN,Error,cashModel,cashModel,N/A,N/A,"Used unpermissioned time series of type Currency named ""WBT1""",false,2024-11-20T10:55:10.539884,false
ccy://RMG/BOCMUR,0,2024-09-02,NaN,Error,cashModel,cashModel,N/A,N/A,"Used unpermissioned time series of type Currency named ""BOCMUR""",false,2024-11-20T10:55:10.539884,false
ccy://RMG/MOP2,0,2024-09-02,NaN,Error,cashModel,cashModel,N/A,N/A,"Used unpermissioned time series of type Currency named ""MOP2""",false,2024-11-20T10:55:10.539884,false
(102457:2583)-324,0,2024-09-02,NaN,Success,equityModel,equityModel,N/A,N/A,,false,2024-11-20T10:55:23.209277,false
(102457:2583)-306,0,2024-09-02,NaN,Success,equityModel,equityModel,N/A,N/A,,false,2024-11-20T10:55:23.209277,false
(102457:2583)-298,0,2024-09-02,NaN,Success,equityModel,equityModel,N/A,N/A,,false,2024-11-20T10:55:23.209277,false
ccy://RMG/AK11,18,2024-09-02,NaN,Error,cashModel,cashModel,N/A,N/A,"Used unpermissioned time series of type Currency named ""AK11""",false,2024-11-20T10:55:10.533748500,false
ccy://RMG/BTC3,18,2024-09-02,NaN,Error,cashModel,cashModel,N/A,N/A,"Used unpermissioned time series of type Currency named ""BTC3""",false,2024-11-20T10:55:10.533748500,false
ccy://RMG/USD4,18,2024-09-02,NaN,Error,cashModel,cashModel,N/A,N/A,"Used unpermissioned time series of type Currency named ""USD4""",false,2024-11-20T10:55:10.533748500,false
ccy://RMG/TND_TCXF,18,2024-09-02,NaN,Error,cashModel,cashModel,N/A,N/A,"Used unpermissioned time series of type Currency named ""TND_TCXF""",false,2024-11-20T10:55:10.533748500,false
ccy://RMG/AUD2,18,2024-09-02,NaN,Error,cashModel,cashModel,N/A,N/A,"Used unpermissioned time series of type Currency named ""AUD2""",false,2024-11-20T10:55:10.533748500,false
ccy://RMG/BOCPHP,18,2024-09-02,NaN,Error,cashModel,cashModel,N/A,N/A,"Used unpermissioned time series of type Currency named ""BOCPHP""",false,2024-11-20T10:55:10.539884,false
ccy://RMG/BOCCZK,18,2024-09-02,NaN,Error,cashModel,cashModel,N/A,N/A,"Used unpermissioned time series of type Currency named ""BOCCZK""",false,2024-11-20T10:55:10.539884,false
ccy://RMG/CGRD,18,2024-09-02,NaN,Error,cashModel,cashModel,N/A,N/A,"Used unpermissioned time series of type Currency named ""CGRD""",false,2024-11-20T10:55:10.539884,false
ccy://RMG/BDT_TCXF,18,2024-09-02,NaN,Error,cashModel,cashModel,N/A,N/A,"Used unpermissioned time series of type Currency named ""BDT_TCXF""",false,2024-11-20T10:55:10.539884,false
ccy://RMG/SIT_SL,18,2024-09-02,NaN,Error,cashModel,cashModel,N/A,N/A,"Used unpermissioned time series of type Currency named ""SIT_SL""",false,2024-11-20T10:55:10.539884,false
ccy://RMG/BCC_UAH1,18,2024-09-02,NaN,Error,cashModel,cashModel,N/A,N/A,"Used unpermissioned time series of type Currency named ""BCC_UAH1""",false,2024-11-20T10:55:10.539884,false
ccy://RMG/KYD,18,2024-09-02,NaN,Success,cashModel,cashModel,N/A,N/A,,false,2024-11-20T10:55:10.539884,false
ccy://RMG/BCC_CZK1,18,2024-09-02,NaN,Error,cashModel,cashModel,N/A,N/A,"Used unpermissioned time series of type Currency named ""BCC_CZK1""",false,2024-11-20T10:55:10.539884,false
ccy://RMG/CNM,18,2024-09-02,NaN,Success,cashModel,cashModel,N/A,N/A,,false,2024-11-20T10:55:10.539884,false
ccy://RMG/BOCILS,18,2024-09-02,NaN,Error,cashModel,cashModel,N/A,N/A,"Used unpermissioned time series of type Currency named ""BOCILS""",false,2024-11-20T10:55:10.539884,false
ccy://RMG/CAD_SL,18,2024-09-02,NaN,Error,cashModel,cashModel,N/A,N/A,"Used unpermissioned time series of type Currency named ""CAD_SL""",false,2024-11-20T10:55:10.539884,false
ccy://RMG/BOCIQD,18,2024-09-02,NaN,Error,cashModel,cashModel,N/A,N/A,"Used unpermissioned time series of type Currency named ""BOCIQD""",false,2024-11-20T10:55:10.539884,false
ccy://RMG/THB,18,2024-09-02,NaN,Success,cashModel,cashModel,N/A,N/A,,false,2024-11-20T10:55:10.539884,false
ccy://RMG/AUBN2,18,2024-09-02,NaN,Error,cashModel,cashModel,N/A,N/A,"Used unpermissioned time series of type Currency named ""AUBN2""",false,2024-11-20T10:55:10.539884,false
ccy://RMG/TND_SL,18,2024-09-02,NaN,Error,cashModel,cashModel,N/A,N/A,"Used unpermissioned time series of type Currency named ""TND_SL""",false,2024-11-20T10:55:10.539884,false
ccy://RMG/BOCUAH,18,2024-09-02,NaN,Error,cashModel,cashModel,N/A,N/A,"Used unpermissioned time series of type Currency named ""BOCUAH""",false,2024-11-20T10:55:10.539884,false
ccy://RMG/ESP,18,2024-09-02,NaN,Success,cashModel,cashModel,N/A,N/A,,false,2024-11-20T10:55:10.539884,false
ccy://RMG/XAU2,18,2024-09-02,NaN,Error,cashModel,cashModel,N/A,N/A,"Used unpermissioned time series of type Currency named ""XAU2""",false,2024-11-20T10:55:10.539884,false
ccy://RMG/BCC_AED1,18,2024-09-02,NaN,Error,cashModel,cashModel,N/A,N/A,"Used unpermissioned time series of type Currency named ""BCC_AED1""",false,2024-11-20T10:55:10.539884,false
ccy://RMG/NOK,18,2024-09-02,NaN,Success,cashModel,cashModel,N/A,N/A,,false,2024-11-20T10:55:10.539884,false
ccy://RMG/GBP3,18,2024-09-02,NaN,Error,cashModel,cashModel,N/A,N/A,"Used unpermissioned time series of type Currency named ""GBP3""",false,2024-11-20T10:55:10.539884,false
ccy://RMG/BCC_SGD1,18,2024-09-02,NaN,Error,cashModel,cashModel,N/A,N/A,"Used unpermissioned time series of type Currency named ""BCC_SGD1""",false,2024-11-20T10:55:10.539884,false
ccy://RMG/CUP,18,2024-09-02,NaN,Success,cashModel,cashModel,N/A,N/A,,false,2024-11-20T10:55:10.539884,false
ccy://RMG/SCR,18,2024-09-02,NaN,Success,cashModel,cashModel,N/A,N/A,,false,2024-11-20T10:55:10.539884,false
ccy://RMG/BOCVND,18,2024-09-02,NaN,Error,cashModel,cashModel,N/A,N/A,"Used unpermissioned time series of type Currency named ""BOCVND""",false,2024-11-20T10:55:10.539884,false
ccy://RMG/AK4,18,2024-09-02,NaN,Error,cashModel,cashModel,N/A,N/A,"Used unpermissioned time series of type Currency named ""AK4""",false,2024-11-20T10:55:10.539884,false
ccy://RMG/BOCZMK,18,2024-09-02,NaN,Error,cashModel,cashModel,N/A,N/A,"Used unpermissioned time series of type Currency named ""BOCZMK""",false,2024-11-20T10:55:10.539884,false
ccy://RMG/DKKUSD,18,2024-09-02,NaN,Error,cashModel,cashModel,N/A,N/A,"Used unpermissioned time series of type Currency named ""DKKUSD""",false,2024-11-20T10:55:10.539884,false
ccy://RMG/DKK2,18,2024-09-02,NaN,Error,cashModel,cashModel,N/A,N/A,"Used unpermissioned time series of type Currency named ""DKK2""",false,2024-11-20T10:55:10.539884,false
ccy://RMG/CNYT,18,2024-09-02,NaN,Error,cashModel,cashModel,N/A,N/A,"Used unpermissioned time series of type Currency named ""CNYT""",false,2024-11-20T10:55:10.539884,false
ccy://RMG/HUF3,18,2024-09-02,NaN,Error,cashModel,cashModel,N/A,N/A,"Used unpermissioned time series of type Currency named ""HUF3""",false,2024-11-20T10:55:10.539884,false
ccy://RMG/SEK3,18,2024-09-02,NaN,Error,cashModel,cashModel,N/A,N/A,"Used unpermissioned time series of type Currency named ""SEK3""",false,2024-11-20T10:55:10.539884,false
ccy://RMG/GHC_SL,18,2024-09-02,NaN,Error,cashModel,cashModel,N/A,N/A,"Used unpermissioned time series of type Currency named ""GHC_SL""",false,2024-11-20T10:55:10.539884,false
ccy://RMG/PEN3,18,2024-09-02,NaN,Error,cashModel,cashModel,N/A,N/A,"Used unpermissioned time series of type Currency named ""PEN3""",false,2024-11-20T10:55:10.539884,false
ccy://RMG/LBP,18,2024-09-02,NaN,Success,cashModel,cashModel,N/A,N/A,,false,2024-11-20T10:55:10.539884,false
ccy://RMG/MMK1,18,2024-09-02,NaN,Error,cashModel,cashModel,N/A,N/A,"Used unpermissioned time series of type Currency named ""MMK1""",false,2024-11-20T10:55:10.539884,false
ccy://RMG/ARS_SL,18,2024-09-02,NaN,Error,cashModel,cashModel,N/A,N/A,"Used unpermissioned time series of type Currency named ""ARS_SL""",false,2024-11-20T10:55:10.539884,false
ccy://RMG/CNH3,18,2024-09-02,NaN,Error,cashModel,cashModel,N/A,N/A,"Used unpermissioned time series of type Currency named ""CNH3""",false,2024-11-20T10:55:10.539884,false
ccy://RMG/BOCBND,18,2024-09-02,NaN,Error,cashModel,cashModel,N/A,N/A,"Used unpermissioned time series of type Currency named ""BOCBND""",false,2024-11-20T10:55:10.539884,false
ccy://RMG/BOCAGB,18,2024-09-02,NaN,Error,cashModel,cashModel,N/A,N/A,"Used unpermissioned time series of type Currency named ""BOCAGB""",false,2024-11-20T10:55:10.539884,false
ccy://RMG/BCC_IEP1,18,2024-09-02,NaN,Error,cashModel,cashModel,N/A,N/A,"Used unpermissioned time series of type Currency named ""BCC_IEP1""",false,2024-11-20T10:55:10.539884,false
ccy://RMG/BCC_ATS1,18,2024-09-02,NaN,Error,cashModel,cashModel,N/A,N/A,"Used unpermissioned time series of type Currency named ""BCC_ATS1""",false,2024-11-20T10:55:10.539884,false
ccy://RMG/ATOUSD,18,2024-09-02,NaN,Success,cashModel,cashModel,N/A,N/A,"Holding ""ccy://RMG/ATOUSD"", has filled time series for valuation spec with statistics start date 20230903, statistics end date 20240902, and pricing date 20240902.  Filled time series descriptions:  Time series ""ATOUSD"" is backfilled or forward filled; earliest time series observation date is 20190423; latest time series observation date is 20221124; time series is flat filled; DATA ON THE PRICING DATE HAS BEEN FILLED FOR THIS TIME SERIES.",false,2024-11-20T10:55:10.539884,false
ccy://RMG/NCC,18,2024-09-02,NaN,Error,cashModel,cashModel,N/A,N/A,"Used unpermissioned time series of type Currency named ""NCC""",false,2024-11-20T10:55:10.539884,false
ccy://RMG/AUDUSD,18,2024-09-02,NaN,Error,cashModel,cashModel,N/A,N/A,"Used unpermissioned time series of type Currency named ""AUDUSD""",false,2024-11-20T10:55:10.539884,false
ccy://RMG/FRF,18,2024-09-02,NaN,Success,cashModel,cashModel,N/A,N/A,,false,2024-11-20T10:55:10.539884,false
ccy://RMG/MNT1,18,2024-09-02,NaN,Error,cashModel,cashModel,N/A,N/A,"Used unpermissioned time series of type Currency named ""MNT1""",false,2024-11-20T10:55:10.539884,false
ccy://RMG/BOCXPT,18,2024-09-02,NaN,Error,cashModel,cashModel,N/A,N/A,"Used unpermissioned time series of type Currency named ""BOCXPT""",false,2024-11-20T10:55:10.539884,false
ccy://RMG/BOCCL1,18,2024-09-02,NaN,Error,cashModel,cashModel,N/A,N/A,"Used unpermissioned time series of type Currency named ""BOCCL1""",false,2024-11-20T10:55:10.539884,false
ccy://RMG/SYP,18,2024-09-02,NaN,Success,cashModel,cashModel,N/A,N/A,,false,2024-11-20T10:55:10.539884,false
ccy://RMG/BOCSGD,18,2024-09-02,NaN,Error,cashModel,cashModel,N/A,N/A,"Used unpermissioned time series of type Currency named ""BOCSGD""",false,2024-11-20T10:55:10.539884,false
ccy://RMG/PXG1,18,2024-09-02,NaN,Error,cashModel,cashModel,N/A,N/A,"Used unpermissioned time series of type Currency named ""PXG1""",false,2024-11-20T10:55:10.539884,false
ccy://RMG/USDC3,18,2024-09-02,NaN,Error,cashModel,cashModel,N/A,N/A,"Used unpermissioned time series of type Currency named ""USDC3""",false,2024-11-20T10:55:10.539884,false
ccy://RMG/XAAUSD,18,2024-09-02,NaN,Success,cashModel,cashModel,N/A,N/A,"Holding ""ccy://RMG/XAAUSD"", has filled time series for valuation spec with statistics start date 20230903, statistics end date 20240902, and pricing date 20240902.  Filled time series descriptions:  Time series ""XAAUSD"" is backfilled or forward filled; earliest time series observation date is 20201005; latest time series observation date is 20221124; time series is flat filled; DATA ON THE PRICING DATE HAS BEEN FILLED FOR THIS TIME SERIES.",false,2024-11-20T10:55:10.539884,false
ccy://RMG/PLNT,18,2024-09-02,NaN,Error,cashModel,cashModel,N/A,N/A,"Used unpermissioned time series of type Currency named ""PLNT""",false,2024-11-20T10:55:10.539884,false
ccy://RMG/AVX1,18,2024-09-02,NaN,Error,cashModel,cashModel,N/A,N/A,"Used unpermissioned time series of type Currency named ""AVX1""",false,2024-11-20T10:55:10.539884,false
ccy://RMG/EGP_SL,18,2024-09-02,NaN,Error,cashModel,cashModel,N/A,N/A,"Used unpermissioned time series of type Currency named ""EGP_SL""",false,2024-11-20T10:55:10.539884,false
ccy://RMG/BCC_VND1,18,2024-09-02,NaN,Error,cashModel,cashModel,N/A,N/A,"Used unpermissioned time series of type Currency named ""BCC_VND1""",false,2024-11-20T10:55:10.539884,false
ccy://RMG/PYG_SL,18,2024-09-02,NaN,Error,cashModel,cashModel,N/A,N/A,"Used unpermissioned time series of type Currency named ""PYG_SL""",false,2024-11-20T10:55:10.539884,false
ccy://RMG/EUR4,18,2024-09-02,NaN,Error,cashModel,cashModel,N/A,N/A,"Used unpermissioned time series of type Currency named ""EUR4""",false,2024-11-20T10:55:10.539884,false
ccy://RMG/MYO5,18,2024-09-02,NaN,Error,cashModel,cashModel,N/A,N/A,"Used unpermissioned time series of type Currency named ""MYO5""",false,2024-11-20T10:55:10.539884,false
ccy://RMG/BOCAED,18,2024-09-02,NaN,Error,cashModel,cashModel,N/A,N/A,"Used unpermissioned time series of type Currency named ""BOCAED""",false,2024-11-20T10:55:10.539884,false
ccy://RMG/NOKCurncy,18,2024-09-02,NaN,Error,cashModel,cashModel,N/A,N/A,"Used unpermissioned time series of type Currency named ""NOKCurncy""",false,2024-11-20T10:55:10.539884,false
ccy://RMG/NGN3,18,2024-09-02,NaN,Error,cashModel,cashModel,N/A,N/A,"Used unpermissioned time series of type Currency named ""NGN3""",false,2024-11-20T10:55:10.539884,false
(102457:2583)-308,18,2024-09-02,NaN,Success,equityModel,equityModel,N/A,N/A,,false,2024-11-20T10:55:23.209277,false
(102457:2583)-281,18,2024-09-02,NaN,Success,equityModel,equityModel,N/A,N/A,,false,2024-11-20T10:55:23.209277,false
(102457:2583)-326,18,2024-09-02,NaN,Success,equityModel,equityModel,N/A,N/A,"Holding ""(102457:2583)-326"", has filled time series for valuation spec with statistics start date 20230903, statistics end date 20240902, and pricing date 20240902.  Filled time series descriptions:  Time series ""75972A301^D [proxy=RMXIX3101223362(1)]"" is backfilled or forward filled; earliest time series observation date is 20120119; latest time series observation date is 20220610; time series is flat filled; DATA ON THE PRICING DATE HAS BEEN FILLED FOR THIS TIME SERIES.",false,2024-11-20T10:55:23.209277,false
ccy://RMG/BWP_TCXF,11,2024-09-02,NaN,Error,cashModel,cashModel,N/A,N/A,"Used unpermissioned time series of type Currency named ""BWP_TCXF""",false,2024-11-20T10:55:10.533748500,false
ccy://RMG/ZAR_SL,11,2024-09-02,NaN,Error,cashModel,cashModel,N/A,N/A,"Used unpermissioned time series of type Currency named ""ZAR_SL""",false,2024-11-20T10:55:10.533748500,false
ccy://RMG/MDL_TCXF,11,2024-09-02,NaN,Error,cashModel,cashModel,N/A,N/A,"Used unpermissioned time series of type Currency named ""MDL_TCXF""",false,2024-11-20T10:55:10.533748500,false
ccy://RMG/BOCAUA,11,2024-09-02,NaN,Error,cashModel,cashModel,N/A,N/A,"Used unpermissioned time series of type Currency named ""BOCAUA""",false,2024-11-20T10:55:10.533748500,false
ccy://RMG/CN3N_UAT,11,2024-09-02,NaN,Error,cashModel,cashModel,N/A,N/A,"Used unpermissioned time series of type Currency named ""CN3N_UAT""",false,2024-11-20T10:55:10.533748500,false
ccy://RMG/ECS,11,2024-09-02,NaN,Success,cashModel,cashModel,N/A,N/A,,false,2024-11-20T10:55:10.533748500,false
ccy://RMG/ABCC,11,2024-09-02,NaN,Error,cashModel,cashModel,N/A,N/A,"Used unpermissioned time series of type Currency named ""ABCC""",false,2024-11-20T10:55:10.533748500,false
ccy://RMG/JMD_TCXF,11,2024-09-02,NaN,Error,cashModel,cashModel,N/A,N/A,"Used unpermissioned time series of type Currency named ""JMD_TCXF""",false,2024-11-20T10:55:10.533748500,false
ccy://RMG/MWK,11,2024-09-02,NaN,Success,cashModel,cashModel,N/A,N/A,,false,2024-11-20T10:55:10.533748500,false
ccy://RMG/AK18,11,2024-09-02,NaN,Error,cashModel,cashModel,N/A,N/A,"Used unpermissioned time series of type Currency named ""AK18""",false,2024-11-20T10:55:10.533748500,false
ccy://RMG/RWF,11,2024-09-02,NaN,Success,cashModel,cashModel,N/A,N/A,,false,2024-11-20T10:55:10.539884,false
ccy://RMG/BCC_CHF1,11,2024-09-02,NaN,Error,cashModel,cashModel,N/A,N/A,"Used unpermissioned time series of type Currency named ""BCC_CHF1""",false,2024-11-20T10:55:10.539884,false
ccy://RMG/ETH2,11,2024-09-02,NaN,Error,cashModel,cashModel,N/A,N/A,"Used unpermissioned time series of type Currency named ""ETH2""",false,2024-11-20T10:55:10.539884,false
ccy://RMG/QR_CHF,11,2024-09-02,NaN,Error,cashModel,cashModel,N/A,N/A,"Used unpermissioned time series of type Currency named ""QR_CHF""",false,2024-11-20T10:55:10.539884,false
ccy://RMG/HRK,11,2024-09-02,NaN,Success,cashModel,cashModel,N/A,N/A,,false,2024-11-20T10:55:10.539884,false
ccy://RMG/FXCHF,11,2024-09-02,NaN,Error,cashModel,cashModel,N/A,N/A,"Used unpermissioned time series of type Currency named ""FXCHF""",false,2024-11-20T10:55:10.539884,false
ccy://RMG/HKD2,11,2024-09-02,NaN,Error,cashModel,cashModel,N/A,N/A,"Used unpermissioned time series of type Currency named ""HKD2""",false,2024-11-20T10:55:10.539884,false
ccy://RMG/XETUSD,11,2024-09-02,NaN,Success,cashModel,cashModel,N/A,N/A,"Holding ""ccy://RMG/XETUSD"", has filled time series for valuation spec with statistics start date 20230903, statistics end date 20240902, and pricing date 20240902.  Filled time series descriptions:  Time series ""XETUSD"" is backfilled or forward filled; earliest time series observation date is 20180208; latest time series observation date is 20221124; time series is flat filled; DATA ON THE PRICING DATE HAS BEEN FILLED FOR THIS TIME SERIES.",false,2024-11-20T10:55:10.539884,false
ccy://RMG/KZT,11,2024-09-02,NaN,Success,cashModel,cashModel,N/A,N/A,,false,2024-11-20T10:55:10.539884,false
ccy://RMG/UYU,11,2024-09-02,NaN,Success,cashModel,cashModel,N/A,N/A,,false,2024-11-20T10:55:10.539884,false
ccy://RMG/XPD1,11,2024-09-02,NaN,Error,cashModel,cashModel,N/A,N/A,"Used unpermissioned time series of type Currency named ""XPD1""",false,2024-11-20T10:55:10.539884,false
ccy://RMG/BRLJEF,11,2024-09-02,NaN,Error,cashModel,cashModel,N/A,N/A,"Used unpermissioned time series of type Currency named ""BRLJEF""",false,2024-11-20T10:55:10.539884,false
ccy://RMG/GBPCurncy,11,2024-09-02,NaN,Error,cashModel,cashModel,N/A,N/A,"Used unpermissioned time series of type Currency named ""GBPCurncy""",false,2024-11-20T10:55:10.539884,false
ccy://RMG/SLL_TCXF,11,2024-09-02,NaN,Error,cashModel,cashModel,N/A,N/A,"Used unpermissioned time series of type Currency named ""SLL_TCXF""",false,2024-11-20T10:55:10.539884,false
ccy://RMG/SGD5,11,2024-09-02,NaN,Error,cashModel,cashModel,N/A,N/A,"Used unpermissioned time series of type Currency named ""SGD5""",false,2024-11-20T10:55:10.539884,false
ccy://RMG/BCC_RON1,11,2024-09-02,NaN,Error,cashModel,cashModel,N/A,N/A,"Used unpermissioned time series of type Currency named ""BCC_RON1""",false,2024-11-20T10:55:10.539884,false
ccy://RMG/ARBlueChip,11,2024-09-02,NaN,Error,cashModel,cashModel,N/A,N/A,"Used unpermissioned time series of type Currency named ""ARBlueChip""",false,2024-11-20T10:55:10.539884,false
ccy://RMG/KHR,11,2024-09-02,NaN,Success,cashModel,cashModel,N/A,N/A,,false,2024-11-20T10:55:10.539884,false
ccy://RMG/INR_SL,11,2024-09-02,NaN,Error,cashModel,cashModel,N/A,N/A,"Used unpermissioned time series of type Currency named ""INR_SL""",false,2024-11-20T10:55:10.539884,false
ccy://RMG/BCC_UYU1,11,2024-09-02,NaN,Error,cashModel,cashModel,N/A,N/A,"Used unpermissioned time series of type Currency named ""BCC_UYU1""",false,2024-11-20T10:55:10.539884,false
ccy://RMG/RON,11,2024-09-02,NaN,Success,cashModel,cashModel,N/A,N/A,,false,2024-11-20T10:55:10.539884,false
ccy://RMG/BOCMY1,11,2024-09-02,NaN,Error,cashModel,cashModel,N/A,N/A,"Used unpermissioned time series of type Currency named ""BOCMY1""",false,2024-11-20T10:55:10.539884,false
ccy://RMG/SZL,11,2024-09-02,NaN,Success,cashModel,cashModel,N/A,N/A,,false,2024-11-20T10:55:10.539884,false
ccy://RMG/BCC_HRK1,11,2024-09-02,NaN,Error,cashModel,cashModel,N/A,N/A,"Used unpermissioned time series of type Currency named ""BCC_HRK1""",false,2024-11-20T10:55:10.539884,false
ccy://RMG/JMD,11,2024-09-02,NaN,Success,cashModel,cashModel,N/A,N/A,,false,2024-11-20T10:55:10.539884,false
ccy://RMG/JPY4,11,2024-09-02,NaN,Error,cashModel,cashModel,N/A,N/A,"Used unpermissioned time series of type Currency named ""JPY4""",false,2024-11-20T10:55:10.539884,false
ccy://RMG/AGD3,11,2024-09-02,NaN,Error,cashModel,cashModel,N/A,N/A,"Used unpermissioned time series of type Currency named ""AGD3""",false,2024-11-20T10:55:10.539884,false
ccy://RMG/AXS1,11,2024-09-02,NaN,Error,cashModel,cashModel,N/A,N/A,"Used unpermissioned time series of type Currency named ""AXS1""",false,2024-11-20T10:55:10.539884,false
ccy://RMG/NTD7,11,2024-09-02,NaN,Error,cashModel,cashModel,N/A,N/A,"Used unpermissioned time series of type Currency named ""NTD7""",false,2024-11-20T10:55:10.539884,false
ccy://RMG/DAI1,11,2024-09-02,NaN,Error,cashModel,cashModel,N/A,N/A,"Used unpermissioned time series of type Currency named ""DAI1""",false,2024-11-20T10:55:10.539884,false
ccy://RMG/CNY3,11,2024-09-02,NaN,Error,cashModel,cashModel,N/A,N/A,"Used unpermissioned time series of type Currency named ""CNY3""",false,2024-11-20T10:55:10.539884,false
ccy://RMG/BCC_TWD1,11,2024-09-02,NaN,Error,cashModel,cashModel,N/A,N/A,"Used unpermissioned time series of type Currency named ""BCC_TWD1""",false,2024-11-20T10:55:10.539884,false
ccy://RMG/BCC_KZT1,11,2024-09-02,NaN,Error,cashModel,cashModel,N/A,N/A,"Used unpermissioned time series of type Currency named ""BCC_KZT1""",false,2024-11-20T10:55:10.539884,false
ccy://RMG/CHF,11,2024-09-02,NaN,Success,cashModel,cashModel,N/A,N/A,,false,2024-11-20T10:55:10.539884,false
ccy://RMG/CHFCurncy,11,2024-09-02,NaN,Error,cashModel,cashModel,N/A,N/A,"Used unpermissioned time series of type Currency named ""CHFCurncy""",false,2024-11-20T10:55:10.539884,false
ccy://RMG/AUA2,11,2024-09-02,NaN,Error,cashModel,cashModel,N/A,N/A,"Used unpermissioned time series of type Currency named ""AUA2""",false,2024-11-20T10:55:10.539884,false
ccy://RMG/TWD,11,2024-09-02,NaN,Success,cashModel,cashModel,N/A,N/A,,false,2024-11-20T10:55:10.539884,false
ccy://RMG/BOCBGN,11,2024-09-02,NaN,Error,cashModel,cashModel,N/A,N/A,"Used unpermissioned time series of type Currency named ""BOCBGN""",false,2024-11-20T10:55:10.539884,false
ccy://RMG/UNI1,11,2024-09-02,NaN,Error,cashModel,cashModel,N/A,N/A,"Used unpermissioned time series of type Currency named ""UNI1""",false,2024-11-20T10:55:10.539884,false
ccy://RMG/PLN3,11,2024-09-02,NaN,Error,cashModel,cashModel,N/A,N/A,"Used unpermissioned time series of type Currency named ""PLN3""",false,2024-11-20T10:55:10.539884,false
ccy://RMG/XPT5,11,2024-09-02,NaN,Error,cashModel,cashModel,N/A,N/A,"Used unpermissioned time series of type Currency named ""XPT5""",false,2024-11-20T10:55:10.539884,false
ccy://RMG/BOCSLV,11,2024-09-02,NaN,Error,cashModel,cashModel,N/A,N/A,"Used unpermissioned time series of type Currency named ""BOCSLV""",false,2024-11-20T10:55:10.539884,false
ccy://RMG/RUB4,11,2024-09-02,NaN,Error,cashModel,cashModel,N/A,N/A,"Used unpermissioned time series of type Currency named ""RUB4""",false,2024-11-20T10:55:10.539884,false
ccy://RMG/XAG3,11,2024-09-02,NaN,Error,cashModel,cashModel,N/A,N/A,"Used unpermissioned time series of type Currency named ""XAG3""",false,2024-11-20T10:55:10.539884,false
ccy://RMG/BOCHKD,11,2024-09-02,NaN,Error,cashModel,cashModel,N/A,N/A,"Used unpermissioned time series of type Currency named ""BOCHKD""",false,2024-11-20T10:55:10.539884,false
ccy://RMG/BND5,11,2024-09-02,NaN,Error,cashModel,cashModel,N/A,N/A,"Used unpermissioned time series of type Currency named ""BND5""",false,2024-11-20T10:55:10.539884,false
ccy://RMG/PHP5,11,2024-09-02,NaN,Error,cashModel,cashModel,N/A,N/A,"Used unpermissioned time series of type Currency named ""PHP5""",false,2024-11-20T10:55:10.539884,false
ccy://RMG/NZD1,11,2024-09-02,NaN,Error,cashModel,cashModel,N/A,N/A,"Used unpermissioned time series of type Currency named ""NZD1""",false,2024-11-20T10:55:10.539884,false
ccy://RMG/MAT1,11,2024-09-02,NaN,Error,cashModel,cashModel,N/A,N/A,"Used unpermissioned time series of type Currency named ""MAT1""",false,2024-11-20T10:55:10.539884,false
ccy://RMG/BOCCHB,11,2024-09-02,NaN,Error,cashModel,cashModel,N/A,N/A,"Used unpermissioned time series of type Currency named ""BOCCHB""",false,2024-11-20T10:55:10.539884,false
(102457:2583)-332,11,2024-09-02,NaN,Success,equityModel,equityModel,N/A,N/A,"Holding ""(102457:2583)-332"", has filled time series for valuation spec with statistics start date 20230903, statistics end date 20240902, and pricing date 20240902.  Filled time series descriptions:  Time series ""966387409^D [proxy=RMXIX3101223362(1)]"" is backfilled or forward filled; earliest time series observation date is 20031119; latest time series observation date is 20220630; time series is flat filled; DATA ON THE PRICING DATE HAS BEEN FILLED FOR THIS TIME SERIES.",false,2024-11-20T10:55:23.209277,false
(102457:2583)-288,11,2024-09-02,NaN,Error,equityModel,equityModel,N/A,N/A,"Unknown equity time series named ""15136A102""",false,2024-11-20T10:55:23.209277,false
(102457:2583)-314,11,2024-09-02,NaN,Success,equityModel,equityModel,N/A,N/A,,false,2024-11-20T10:55:23.209277,false
ccy://RMG/AUB1,1,2024-09-02,NaN,Error,cashModel,cashModel,N/A,N/A,"Used unpermissioned time series of type Currency named ""AUB1""",false,2024-11-20T10:55:10.533748500,false
ccy://RMG/USD1,1,2024-09-02,NaN,Error,cashModel,cashModel,N/A,N/A,"Used unpermissioned time series of type Currency named ""USD1""",false,2024-11-20T10:55:10.533748500,false
ccy://RMG/IDR_SL,1,2024-09-02,NaN,Error,cashModel,cashModel,N/A,N/A,"Used unpermissioned time series of type Currency named ""IDR_SL""",false,2024-11-20T10:55:10.539884,false
ccy://RMG/AK1,1,2024-09-02,NaN,Error,cashModel,cashModel,N/A,N/A,"Used unpermissioned time series of type Currency named ""AK1""",false,2024-11-20T10:55:10.539884,false
ccy://RMG/TRY2,1,2024-09-02,NaN,Error,cashModel,cashModel,N/A,N/A,"Used unpermissioned time series of type Currency named ""TRY2""",false,2024-11-20T10:55:10.539884,false
ccy://RMG/BOCGLD,1,2024-09-02,NaN,Error,cashModel,cashModel,N/A,N/A,"Used unpermissioned time series of type Currency named ""BOCGLD""",false,2024-11-20T10:55:10.539884,false
ccy://RMG/SKK_SL,1,2024-09-02,NaN,Error,cashModel,cashModel,N/A,N/A,"Used unpermissioned time series of type Currency named ""SKK_SL""",false,2024-11-20T10:55:10.539884,false
ccy://RMG/MNT,1,2024-09-02,NaN,Success,cashModel,cashModel,N/A,N/A,,false,2024-11-20T10:55:10.539884,false
ccy://RMG/KES_TCXF,1,2024-09-02,NaN,Error,cashModel,cashModel,N/A,N/A,"Used unpermissioned time series of type Currency named ""KES_TCXF""",false,2024-11-20T10:55:10.539884,false
ccy://RMG/LAK1,1,2024-09-02,NaN,Error,cashModel,cashModel,N/A,N/A,"Used unpermissioned time series of type Currency named ""LAK1""",false,2024-11-20T10:55:10.539884,false
ccy://RMG/TWD8,1,2024-09-02,NaN,Success,cashModel,cashModel,N/A,N/A,"Holding ""ccy://RMG/TWD8"", has filled time series for valuation spec with statistics start date 20230903, statistics end date 20240902, and pricing date 20240902.  Filled time series descriptions:  Time series ""TWD8"" is backfilled or forward filled; earliest time series observation date is 20020703; latest time series observation date is 20111109; time series is flat filled; DATA ON THE PRICING DATE HAS BEEN FILLED FOR THIS TIME SERIES.",false,2024-11-20T10:55:10.539884,false
ccy://RMG/BOCAG1,1,2024-09-02,NaN,Error,cashModel,cashModel,N/A,N/A,"Used unpermissioned time series of type Currency named ""BOCAG1""",false,2024-11-20T10:55:10.539884,false
ccy://RMG/BOCTRY,1,2024-09-02,NaN,Error,cashModel,cashModel,N/A,N/A,"Used unpermissioned time series of type Currency named ""BOCTRY""",false,2024-11-20T10:55:10.539884,false
ccy://RMG/TJS_TCXF,1,2024-09-02,NaN,Error,cashModel,cashModel,N/A,N/A,"Used unpermissioned time series of type Currency named ""TJS_TCXF""",false,2024-11-20T10:55:10.539884,false
ccy://RMG/BOCAIC,1,2024-09-02,NaN,Error,cashModel,cashModel,N/A,N/A,"Used unpermissioned time series of type Currency named ""BOCAIC""",false,2024-11-20T10:55:10.539884,false
ccy://RMG/KGS,1,2024-09-02,NaN,Success,cashModel,cashModel,N/A,N/A,,false,2024-11-20T10:55:10.539884,false
ccy://RMG/THB5,1,2024-09-02,NaN,Error,cashModel,cashModel,N/A,N/A,"Used unpermissioned time series of type Currency named ""THB5""",false,2024-11-20T10:55:10.539884,false
ccy://RMG/MXN_SL,1,2024-09-02,NaN,Error,cashModel,cashModel,N/A,N/A,"Used unpermissioned time series of type Currency named ""MXN_SL""",false,2024-11-20T10:55:10.539884,false
ccy://RMG/AK27,1,2024-09-02,NaN,Error,cashModel,cashModel,N/A,N/A,"Used unpermissioned time series of type Currency named ""AK27""",false,2024-11-20T10:55:10.539884,false
ccy://RMG/PKR_TCXF,1,2024-09-02,NaN,Error,cashModel,cashModel,N/A,N/A,"Used unpermissioned time series of type Currency named ""PKR_TCXF""",false,2024-11-20T10:55:10.539884,false
ccy://RMG/BOCVEF,1,2024-09-02,NaN,Error,cashModel,cashModel,N/A,N/A,"Used unpermissioned time series of type Currency named ""BOCVEF""",false,2024-11-20T10:55:10.539884,false
ccy://RMG/CLP_SL,1,2024-09-02,NaN,Error,cashModel,cashModel,N/A,N/A,"Used unpermissioned time series of type Currency named ""CLP_SL""",false,2024-11-20T10:55:10.539884,false
ccy://RMG/IOT1,1,2024-09-02,NaN,Error,cashModel,cashModel,N/A,N/A,"Used unpermissioned time series of type Currency named ""IOT1""",false,2024-11-20T10:55:10.539884,false
ccy://RMG/AOA,1,2024-09-02,NaN,Success,cashModel,cashModel,N/A,N/A,,false,2024-11-20T10:55:10.539884,false
ccy://RMG/BWP_SL,1,2024-09-02,NaN,Error,cashModel,cashModel,N/A,N/A,"Used unpermissioned time series of type Currency named ""BWP_SL""",false,2024-11-20T10:55:10.539884,false
ccy://RMG/BOCSLL,1,2024-09-02,NaN,Error,cashModel,cashModel,N/A,N/A,"Used unpermissioned time series of type Currency named ""BOCSLL""",false,2024-11-20T10:55:10.539884,false
ccy://RMG/BIF,1,2024-09-02,NaN,Success,cashModel,cashModel,N/A,N/A,,false,2024-11-20T10:55:10.539884,false
ccy://RMG/LKR_SL,1,2024-09-02,NaN,Error,cashModel,cashModel,N/A,N/A,"Used unpermissioned time series of type Currency named ""LKR_SL""",false,2024-11-20T10:55:10.539884,false
ccy://RMG/BOCCN2,1,2024-09-02,NaN,Error,cashModel,cashModel,N/A,N/A,"Used unpermissioned time series of type Currency named ""BOCCN2""",false,2024-11-20T10:55:10.539884,false
ccy://RMG/GNF,1,2024-09-02,NaN,Success,cashModel,cashModel,N/A,N/A,,false,2024-11-20T10:55:10.539884,false
ccy://RMG/EUR1,1,2024-09-02,NaN,Error,cashModel,cashModel,N/A,N/A,"Used unpermissioned time series of type Currency named ""EUR1""",false,2024-11-20T10:55:10.539884,false
ccy://RMG/EEK_SL,1,2024-09-02,NaN,Error,cashModel,cashModel,N/A,N/A,"Used unpermissioned time series of type Currency named ""EEK_SL""",false,2024-11-20T10:55:10.539884,false
ccy://RMG/ISKUSD,1,2024-09-02,NaN,Error,cashModel,cashModel,N/A,N/A,"Used unpermissioned time series of type Currency named ""ISKUSD""",false,2024-11-20T10:55:10.539884,false
ccy://RMG/BOCSOS,1,2024-09-02,NaN,Error,cashModel,cashModel,N/A,N/A,"Used unpermissioned time series of type Currency named ""BOCSOS""",false,2024-11-20T10:55:10.539884,false
ccy://RMG/ETB,1,2024-09-02,NaN,Success,cashModel,cashModel,N/A,N/A,,false,2024-11-20T10:55:10.539884,false
ccy://RMG/AAV1,1,2024-09-02,NaN,Error,cashModel,cashModel,N/A,N/A,"Used unpermissioned time series of type Currency named ""AAV1""",false,2024-11-20T10:55:10.539884,false
ccy://RMG/BRL3,1,2024-09-02,NaN,Error,cashModel,cashModel,N/A,N/A,"Used unpermissioned time series of type Currency named ""BRL3""",false,2024-11-20T10:55:10.539884,false
ccy://RMG/NOK5,1,2024-09-02,NaN,Error,cashModel,cashModel,N/A,N/A,"Used unpermissioned time series of type Currency named ""NOK5""",false,2024-11-20T10:55:10.539884,false
ccy://RMG/MMK,1,2024-09-02,NaN,Success,cashModel,cashModel,N/A,N/A,,false,2024-11-20T10:55:10.539884,false
ccy://RMG/KRW3,1,2024-09-02,NaN,Error,cashModel,cashModel,N/A,N/A,"Used unpermissioned time series of type Currency named ""KRW3""",false,2024-11-20T10:55:10.539884,false
ccy://RMG/CNHProxy,1,2024-09-02,NaN,Error,cashModel,cashModel,N/A,N/A,"Used unpermissioned time series of type Currency named ""CNHProxy""",false,2024-11-20T10:55:10.539884,false
ccy://RMG/NGN_TCXF,1,2024-09-02,NaN,Error,cashModel,cashModel,N/A,N/A,"Used unpermissioned time series of type Currency named ""NGN_TCXF""",false,2024-11-20T10:55:10.539884,false
ccy://RMG/JPY_SL,1,2024-09-02,NaN,Error,cashModel,cashModel,N/A,N/A,"Used unpermissioned time series of type Currency named ""JPY_SL""",false,2024-11-20T10:55:10.539884,false
ccy://RMG/INR4,1,2024-09-02,NaN,Error,cashModel,cashModel,N/A,N/A,"Used unpermissioned time series of type Currency named ""INR4""",false,2024-11-20T10:55:10.539884,false
ccy://RMG/KGS_TCXF,1,2024-09-02,NaN,Error,cashModel,cashModel,N/A,N/A,"Used unpermissioned time series of type Currency named ""KGS_TCXF""",false,2024-11-20T10:55:10.539884,false
ccy://RMG/ISKOffShore,1,2024-09-02,NaN,Error,cashModel,cashModel,N/A,N/A,"Used unpermissioned time series of type Currency named ""ISKOffShore""",false,2024-11-20T10:55:10.539884,false
ccy://RMG/MOP1,1,2024-09-02,NaN,Error,cashModel,cashModel,N/A,N/A,"Used unpermissioned time series of type Currency named ""MOP1""",false,2024-11-20T10:55:10.539884,false
ccy://RMG/IDR.BH,1,2024-09-02,NaN,Success,cashModel,cashModel,N/A,N/A,"Holding ""ccy://RMG/IDR.BH"", has filled time series for valuation spec with statistics start date 20230903, statistics end date 20240902, and pricing date 20240902.  Filled time series descriptions:  Time series ""IDR.BH"" is backfilled or forward filled; earliest time series observation date is 20031013; latest time series observation date is 20240715; time series is flat filled; DATA ON THE PRICING DATE HAS BEEN FILLED FOR THIS TIME SERIES.",false,2024-11-20T10:55:10.539884,false
(102457:2583)-297,1,2024-09-02,NaN,Error,equityModel,equityModel,N/A,N/A,"Unknown equity time series named ""24790A101""",false,2024-11-20T10:55:23.209277,false
(102457:2583)-323,1,2024-09-02,NaN,Error,equityModel,equityModel,N/A,N/A,"Unknown equity time series named ""723787107""",false,2024-11-20T10:55:23.209277,false
(102457:2583)-305,1,2024-09-02,NaN,Success,equityModel,equityModel,N/A,N/A,,false,2024-11-20T10:55:23.209277,false
ccy://RMG/PHP_TCXF,4,2024-09-02,NaN,Error,cashModel,cashModel,N/A,N/A,"Used unpermissioned time series of type Currency named ""PHP_TCXF""",false,2024-11-20T10:55:10.533748500,false
ccy://RMG/OB1USD,4,2024-09-02,NaN,Success,cashModel,cashModel,N/A,N/A,"Holding ""ccy://RMG/OB1USD"", has filled time series for valuation spec with statistics start date 20230903, statistics end date 20240902, and pricing date 20240902.  Filled time series descriptions:  Time series ""OB1USD"" is backfilled or forward filled; earliest time series observation date is 20151127; latest time series observation date is 20210708; time series is flat filled; DATA ON THE PRICING DATE HAS BEEN FILLED FOR THIS TIME SERIES.",false,2024-11-20T10:55:10.533748500,false
ccy://RMG/CHF5,4,2024-09-02,NaN,Error,cashModel,cashModel,N/A,N/A,"Used unpermissioned time series of type Currency named ""CHF5""",false,2024-11-20T10:55:10.533748500,false
ccy://RMG/BCC_EUR1,4,2024-09-02,NaN,Error,cashModel,cashModel,N/A,N/A,"Used unpermissioned time series of type Currency named ""BCC_EUR1""",false,2024-11-20T10:55:10.533748500,false
ccy://RMG/DKKT,4,2024-09-02,NaN,Error,cashModel,cashModel,N/A,N/A,"Used unpermissioned time series of type Currency named ""DKKT""",false,2024-11-20T10:55:10.533748500,false
ccy://RMG/AUDT,4,2024-09-02,NaN,Error,cashModel,cashModel,N/A,N/A,"Used unpermissioned time series of type Currency named ""AUDT""",false,2024-11-20T10:55:10.533748500,false
ccy://RMG/BCC_GHS1,4,2024-09-02,NaN,Error,cashModel,cashModel,N/A,N/A,"Used unpermissioned time series of type Currency named ""BCC_GHS1""",false,2024-11-20T10:55:10.533748500,false
ccy://RMG/XA5,4,2024-09-02,NaN,Error,cashModel,cashModel,N/A,N/A,"Used unpermissioned time series of type Currency named ""XA5""",false,2024-11-20T10:55:10.539884,false
ccy://RMG/BRL_TCXF,4,2024-09-02,NaN,Error,cashModel,cashModel,N/A,N/A,"Used unpermissioned time series of type Currency named ""BRL_TCXF""",false,2024-11-20T10:55:10.539884,false
ccy://RMG/TW7,4,2024-09-02,NaN,Success,cashModel,cashModel,N/A,N/A,"Holding ""ccy://RMG/TW7"", has filled time series for valuation spec with statistics start date 20230903, statistics end date 20240902, and pricing date 20240902.  Filled time series descriptions:  Time series ""TW7"" is backfilled or forward filled; earliest time series observation date is 20110928; latest time series observation date is 20240715; time series is flat filled; DATA ON THE PRICING DATE HAS BEEN FILLED FOR THIS TIME SERIES.",false,2024-11-20T10:55:10.539884,false
ccy://RMG/SUPER3,4,2024-09-02,NaN,Error,cashModel,cashModel,N/A,N/A,"Used unpermissioned time series of type Currency named ""SUPER3""",false,2024-11-20T10:55:10.539884,false
ccy://RMG/COP,4,2024-09-02,NaN,Success,cashModel,cashModel,N/A,N/A,,false,2024-11-20T10:55:10.539884,false
ccy://RMG/NZD,4,2024-09-02,NaN,Success,cashModel,cashModel,N/A,N/A,,false,2024-11-20T10:55:10.539884,false
ccy://RMG/COP_SL,4,2024-09-02,NaN,Error,cashModel,cashModel,N/A,N/A,"Used unpermissioned time series of type Currency named ""COP_SL""",false,2024-11-20T10:55:10.539884,false
ccy://RMG/XSIUSD,4,2024-09-02,NaN,Success,cashModel,cashModel,N/A,N/A,"Holding ""ccy://RMG/XSIUSD"", has filled time series for valuation spec with statistics start date 20230903, statistics end date 20240902, and pricing date 20240902.  Filled time series descriptions:  Time series ""XSIUSD"" is backfilled or forward filled; earliest time series observation date is 20200827; latest time series observation date is 20221124; time series is flat filled; DATA ON THE PRICING DATE HAS BEEN FILLED FOR THIS TIME SERIES.",false,2024-11-20T10:55:10.539884,false
ccy://RMG/TTD_SL,4,2024-09-02,NaN,Error,cashModel,cashModel,N/A,N/A,"Used unpermissioned time series of type Currency named ""TTD_SL""",false,2024-11-20T10:55:10.539884,false
ccy://RMG/BOCBDT,4,2024-09-02,NaN,Error,cashModel,cashModel,N/A,N/A,"Used unpermissioned time series of type Currency named ""BOCBDT""",false,2024-11-20T10:55:10.539884,false
ccy://RMG/NOK2,4,2024-09-02,NaN,Error,cashModel,cashModel,N/A,N/A,"Used unpermissioned time series of type Currency named ""NOK2""",false,2024-11-20T10:55:10.539884,false
ccy://RMG/XPD,4,2024-09-02,NaN,Success,cashModel,cashModel,N/A,N/A,,false,2024-11-20T10:55:10.539884,false
ccy://RMG/XAUSHA95,4,2024-09-02,NaN,Success,cashModel,cashModel,N/A,N/A,,false,2024-11-20T10:55:10.539884,false
ccy://RMG/AK24,4,2024-09-02,NaN,Error,cashModel,cashModel,N/A,N/A,"Used unpermissioned time series of type Currency named ""AK24""",false,2024-11-20T10:55:10.539884,false
ccy://RMG/UVR1,4,2024-09-02,NaN,Error,cashModel,cashModel,N/A,N/A,"Used unpermissioned time series of type Currency named ""UVR1""",false,2024-11-20T10:55:10.539884,false
ccy://RMG/XI1H,4,2024-09-02,NaN,Error,cashModel,cashModel,N/A,N/A,"Used unpermissioned time series of type Currency named ""XI1H""",false,2024-11-20T10:55:10.539884,false
ccy://RMG/CRC,4,2024-09-02,NaN,Success,cashModel,cashModel,N/A,N/A,,false,2024-11-20T10:55:10.539884,false
ccy://RMG/BOCXPF,4,2024-09-02,NaN,Error,cashModel,cashModel,N/A,N/A,"Used unpermissioned time series of type Currency named ""BOCXPF""",false,2024-11-20T10:55:10.539884,false
ccy://RMG/XTD4,4,2024-09-02,NaN,Error,cashModel,cashModel,N/A,N/A,"Used unpermissioned time series of type Currency named ""XTD4""",false,2024-11-20T10:55:10.539884,false
ccy://RMG/SUI3,4,2024-09-02,NaN,Error,cashModel,cashModel,N/A,N/A,"Used unpermissioned time series of type Currency named ""SUI3""",false,2024-11-20T10:55:10.539884,false
ccy://RMG/OCY9,4,2024-09-02,NaN,Error,cashModel,cashModel,N/A,N/A,"Used unpermissioned time series of type Currency named ""OCY9""",false,2024-11-20T10:55:10.539884,false
ccy://RMG/CN3,4,2024-09-02,NaN,Error,cashModel,cashModel,N/A,N/A,"Used unpermissioned time series of type Currency named ""CN3""",false,2024-11-20T10:55:10.539884,false
ccy://RMG/THB2,4,2024-09-02,NaN,Error,cashModel,cashModel,N/A,N/A,"Used unpermissioned time series of type Currency named ""THB2""",false,2024-11-20T10:55:10.539884,false
ccy://RMG/BOCMYR,4,2024-09-02,NaN,Error,cashModel,cashModel,N/A,N/A,"Used unpermissioned time series of type Currency named ""BOCMYR""",false,2024-11-20T10:55:10.539884,false
ccy://RMG/GTQ,4,2024-09-02,NaN,Success,cashModel,cashModel,N/A,N/A,,false,2024-11-20T10:55:10.539884,false
ccy://RMG/BCC_CYP1,4,2024-09-02,NaN,Error,cashModel,cashModel,N/A,N/A,"Used unpermissioned time series of type Currency named ""BCC_CYP1""",false,2024-11-20T10:55:10.539884,false
ccy://RMG/CLF1,4,2024-09-02,NaN,Error,cashModel,cashModel,N/A,N/A,"Used unpermissioned time series of type Currency named ""CLF1""",false,2024-11-20T10:55:10.539884,false
ccy://RMG/PLNUSD,4,2024-09-02,NaN,Error,cashModel,cashModel,N/A,N/A,"Used unpermissioned time series of type Currency named ""PLNUSD""",false,2024-11-20T10:55:10.539884,false
ccy://RMG/BOCQAR,4,2024-09-02,NaN,Error,cashModel,cashModel,N/A,N/A,"Used unpermissioned time series of type Currency named ""BOCQAR""",false,2024-11-20T10:55:10.539884,false
ccy://RMG/PGK,4,2024-09-02,NaN,Success,cashModel,cashModel,N/A,N/A,,false,2024-11-20T10:55:10.539884,false
ccy://RMG/XE1,4,2024-09-02,NaN,Error,cashModel,cashModel,N/A,N/A,"Used unpermissioned time series of type Currency named ""XE1""",false,2024-11-20T10:55:10.539884,false
ccy://RMG/EUR_LCH,4,2024-09-02,NaN,Error,cashModel,cashModel,N/A,N/A,"Used unpermissioned time series of type Currency named ""EUR_LCH""",false,2024-11-20T10:55:10.539884,false
ccy://RMG/LTL,4,2024-09-02,NaN,Success,cashModel,cashModel,N/A,N/A,,false,2024-11-20T10:55:10.539884,false
ccy://RMG/NZD_SL,4,2024-09-02,NaN,Error,cashModel,cashModel,N/A,N/A,"Used unpermissioned time series of type Currency named ""NZD_SL""",false,2024-11-20T10:55:10.539884,false
ccy://RMG/NZD8,4,2024-09-02,NaN,Success,cashModel,cashModel,N/A,N/A,"Holding ""ccy://RMG/NZD8"", has filled time series for valuation spec with statistics start date 20230903, statistics end date 20240902, and pricing date 20240902.  Filled time series descriptions:  Time series ""NZD8"" is backfilled or forward filled; earliest time series observation date is 20020703; latest time series observation date is 20111109; time series is flat filled; DATA ON THE PRICING DATE HAS BEEN FILLED FOR THIS TIME SERIES.",false,2024-11-20T10:55:10.539884,false
ccy://RMG/BOCBR2,4,2024-09-02,NaN,Error,cashModel,cashModel,N/A,N/A,"Used unpermissioned time series of type Currency named ""BOCBR2""",false,2024-11-20T10:55:10.539884,false
ccy://RMG/OMRT,4,2024-09-02,NaN,Error,cashModel,cashModel,N/A,N/A,"Used unpermissioned time series of type Currency named ""OMRT""",false,2024-11-20T10:55:10.539884,false
ccy://RMG/ZMK_TCXF,4,2024-09-02,NaN,Error,cashModel,cashModel,N/A,N/A,"Used unpermissioned time series of type Currency named ""ZMK_TCXF""",false,2024-11-20T10:55:10.539884,false
ccy://RMG/BOCAI2,4,2024-09-02,NaN,Error,cashModel,cashModel,N/A,N/A,"Used unpermissioned time series of type Currency named ""BOCAI2""",false,2024-11-20T10:55:10.539884,false
ccy://RMG/BCC_GEL1,4,2024-09-02,NaN,Error,cashModel,cashModel,N/A,N/A,"Used unpermissioned time series of type Currency named ""BCC_GEL1""",false,2024-11-20T10:55:10.539884,false
ccy://RMG/SVC,4,2024-09-02,NaN,Success,cashModel,cashModel,N/A,N/A,,false,2024-11-20T10:55:10.539884,false
ccy://RMG/BCC_USD1,4,2024-09-02,NaN,Error,cashModel,cashModel,N/A,N/A,"Used unpermissioned time series of type Currency named ""BCC_USD1""",false,2024-11-20T10:55:10.539884,false
ccy://RMG/CNYUSD,4,2024-09-02,NaN,Error,cashModel,cashModel,N/A,N/A,"Used unpermissioned time series of type Currency named ""CNYUSD""",false,2024-11-20T10:55:10.539884,false
ccy://RMG/AUA9,4,2024-09-02,NaN,Error,cashModel,cashModel,N/A,N/A,"Used unpermissioned time series of type Currency named ""AUA9""",false,2024-11-20T10:55:10.539884,false
ccy://RMG/BOCLVL,4,2024-09-02,NaN,Error,cashModel,cashModel,N/A,N/A,"Used unpermissioned time series of type Currency named ""BOCLVL""",false,2024-11-20T10:55:10.539884,false
ccy://RMG/CADUSD_BBG,4,2024-09-02,NaN,Error,cashModel,cashModel,N/A,N/A,"Used unpermissioned time series of type Currency named ""CADUSD_BBG""",false,2024-11-20T10:55:10.539884,false
ccy://RMG/TTD,4,2024-09-02,NaN,Success,cashModel,cashModel,N/A,N/A,,false,2024-11-20T10:55:10.539884,false
ccy://RMG/INR1,4,2024-09-02,NaN,Error,cashModel,cashModel,N/A,N/A,"Used unpermissioned time series of type Currency named ""INR1""",false,2024-11-20T10:55:10.539884,false
(102457:2583)-320,4,2024-09-02,NaN,Error,equityModel,equityModel,N/A,N/A,"Unknown equity time series named ""69327R101""",false,2024-11-20T10:55:23.209277,false
(102457:2583)-302,4,2024-09-02,NaN,Success,equityModel,equityModel,N/A,N/A,,false,2024-11-20T10:55:23.209277,false
ccy://RMG/BOCTZS,3,2024-09-02,NaN,Error,cashModel,cashModel,N/A,N/A,"Used unpermissioned time series of type Currency named ""BOCTZS""",false,2024-11-20T10:55:10.533748500,false
ccy://RMG/BOCNGN,3,2024-09-02,NaN,Error,cashModel,cashModel,N/A,N/A,"Used unpermissioned time series of type Currency named ""BOCNGN""",false,2024-11-20T10:55:10.533748500,false
ccy://RMG/BCC_SEK1,3,2024-09-02,NaN,Error,cashModel,cashModel,N/A,N/A,"Used unpermissioned time series of type Currency named ""BCC_SEK1""",false,2024-11-20T10:55:10.533748500,false
ccy://RMG/HRK_TCXF,3,2024-09-02,NaN,Error,cashModel,cashModel,N/A,N/A,"Used unpermissioned time series of type Currency named ""HRK_TCXF""",false,2024-11-20T10:55:10.533748500,false
ccy://RMG/MTL,3,2024-09-02,NaN,Success,cashModel,cashModel,N/A,N/A,,false,2024-11-20T10:55:10.533748500,false
ccy://RMG/USDC,3,2024-09-02,NaN,Error,cashModel,cashModel,N/A,N/A,"Used unpermissioned time series of type Currency named ""USDC""",false,2024-11-20T10:55:10.533748500,false
ccy://RMG/CLPUSD,3,2024-09-02,NaN,Error,cashModel,cashModel,N/A,N/A,"Used unpermissioned time series of type Currency named ""CLPUSD""",false,2024-11-20T10:55:10.539884,false
ccy://RMG/BCC_NGN1,3,2024-09-02,NaN,Error,cashModel,cashModel,N/A,N/A,"Used unpermissioned time series of type Currency named ""BCC_NGN1""",false,2024-11-20T10:55:10.539884,false
ccy://RMG/RSD_TCXF,3,2024-09-02,NaN,Error,cashModel,cashModel,N/A,N/A,"Used unpermissioned time series of type Currency named ""RSD_TCXF""",false,2024-11-20T10:55:10.539884,false
ccy://RMG/BOCDOP,3,2024-09-02,NaN,Error,cashModel,cashModel,N/A,N/A,"Used unpermissioned time series of type Currency named ""BOCDOP""",false,2024-11-20T10:55:10.539884,false
ccy://RMG/BCC_CNH1,3,2024-09-02,NaN,Error,cashModel,cashModel,N/A,N/A,"Used unpermissioned time series of type Currency named ""BCC_CNH1""",false,2024-11-20T10:55:10.539884,false
ccy://RMG/MXNEUR,3,2024-09-02,NaN,Error,cashModel,cashModel,N/A,N/A,"Used unpermissioned time series of type Currency named ""MXNEUR""",false,2024-11-20T10:55:10.539884,false
ccy://RMG/GBP,3,2024-09-02,NaN,Success,cashModel,cashModel,N/A,N/A,,false,2024-11-20T10:55:10.539884,false
ccy://RMG/BCC_DOP1,3,2024-09-02,NaN,Error,cashModel,cashModel,N/A,N/A,"Used unpermissioned time series of type Currency named ""BCC_DOP1""",false,2024-11-20T10:55:10.539884,false
ccy://RMG/LKR_TCXF,3,2024-09-02,NaN,Error,cashModel,cashModel,N/A,N/A,"Used unpermissioned time series of type Currency named ""LKR_TCXF""",false,2024-11-20T10:55:10.539884,false
ccy://RMG/SBD,3,2024-09-02,NaN,Success,cashModel,cashModel,N/A,N/A,,false,2024-11-20T10:55:10.539884,false
ccy://RMG/DEM1,3,2024-09-02,NaN,Error,cashModel,cashModel,N/A,N/A,"Used unpermissioned time series of type Currency named ""DEM1""",false,2024-11-20T10:55:10.539884,false
ccy://RMG/SAVE,3,2024-09-02,NaN,Error,cashModel,cashModel,N/A,N/A,"Used unpermissioned time series of type Currency named ""SAVE""",false,2024-11-20T10:55:10.539884,false
ccy://RMG/NOK3,3,2024-09-02,NaN,Error,cashModel,cashModel,N/A,N/A,"Used unpermissioned time series of type Currency named ""NOK3""",false,2024-11-20T10:55:10.539884,false
ccy://RMG/BCC_PEN1,3,2024-09-02,NaN,Error,cashModel,cashModel,N/A,N/A,"Used unpermissioned time series of type Currency named ""BCC_PEN1""",false,2024-11-20T10:55:10.539884,false
ccy://RMG/BCC_GBP1,3,2024-09-02,NaN,Error,cashModel,cashModel,N/A,N/A,"Used unpermissioned time series of type Currency named ""BCC_GBP1""",false,2024-11-20T10:55:10.539884,false
ccy://RMG/BOCKES,3,2024-09-02,NaN,Error,cashModel,cashModel,N/A,N/A,"Used unpermissioned time series of type Currency named ""BOCKES""",false,2024-11-20T10:55:10.539884,false
ccy://RMG/XWNUSD,3,2024-09-02,NaN,Success,cashModel,cashModel,N/A,N/A,"Holding ""ccy://RMG/XWNUSD"", has filled time series for valuation spec with statistics start date 20230903, statistics end date 20240902, and pricing date 20240902.  Filled time series descriptions:  Time series ""XWNUSD"" is backfilled or forward filled; earliest time series observation date is 20210201; latest time series observation date is 20221124; time series is flat filled; DATA ON THE PRICING DATE HAS BEEN FILLED FOR THIS TIME SERIES.",false,2024-11-20T10:55:10.539884,false
ccy://RMG/BOCPEN,3,2024-09-02,NaN,Error,cashModel,cashModel,N/A,N/A,"Used unpermissioned time series of type Currency named ""BOCPEN""",false,2024-11-20T10:55:10.539884,false
ccy://RMG/MXNUSD,3,2024-09-02,NaN,Error,cashModel,cashModel,N/A,N/A,"Used unpermissioned time series of type Currency named ""MXNUSD""",false,2024-11-20T10:55:10.539884,false
ccy://RMG/XAF_TCXF,3,2024-09-02,NaN,Error,cashModel,cashModel,N/A,N/A,"Used unpermissioned time series of type Currency named ""XAF_TCXF""",false,2024-11-20T10:55:10.539884,false
ccy://RMG/AK25,3,2024-09-02,NaN,Error,cashModel,cashModel,N/A,N/A,"Used unpermissioned time series of type Currency named ""AK25""",false,2024-11-20T10:55:10.539884,false
ccy://RMG/NGN,3,2024-09-02,NaN,Success,cashModel,cashModel,N/A,N/A,,false,2024-11-20T10:55:10.539884,false
ccy://RMG/IDO5,3,2024-09-02,NaN,Error,cashModel,cashModel,N/A,N/A,"Used unpermissioned time series of type Currency named ""IDO5""",false,2024-11-20T10:55:10.539884,false
ccy://RMG/BOCSBD,3,2024-09-02,NaN,Error,cashModel,cashModel,N/A,N/A,"Used unpermissioned time series of type Currency named ""BOCSBD""",false,2024-11-20T10:55:10.539884,false
ccy://RMG/XTD5,3,2024-09-02,NaN,Error,cashModel,cashModel,N/A,N/A,"Used unpermissioned time series of type Currency named ""XTD5""",false,2024-11-20T10:55:10.539884,false
ccy://RMG/HKD_SL,3,2024-09-02,NaN,Error,cashModel,cashModel,N/A,N/A,"Used unpermissioned time series of type Currency named ""HKD_SL""",false,2024-11-20T10:55:10.539884,false
ccy://RMG/ZWD_SL,3,2024-09-02,NaN,Error,cashModel,cashModel,N/A,N/A,"Used unpermissioned time series of type Currency named ""ZWD_SL""",false,2024-11-20T10:55:10.539884,false
ccy://RMG/BOCIRR,3,2024-09-02,NaN,Error,cashModel,cashModel,N/A,N/A,"Used unpermissioned time series of type Currency named ""BOCIRR""",false,2024-11-20T10:55:10.539884,false
ccy://RMG/THB3,3,2024-09-02,NaN,Error,cashModel,cashModel,N/A,N/A,"Used unpermissioned time series of type Currency named ""THB3""",false,2024-11-20T10:55:10.539884,false
ccy://RMG/BOCSEK,3,2024-09-02,NaN,Error,cashModel,cashModel,N/A,N/A,"Used unpermissioned time series of type Currency named ""BOCSEK""",false,2024-11-20T10:55:10.539884,false
ccy://RMG/CLF2,3,2024-09-02,NaN,Error,cashModel,cashModel,N/A,N/A,"Used unpermissioned time series of type Currency named ""CLF2""",false,2024-11-20T10:55:10.539884,false
ccy://RMG/BOCCNH,3,2024-09-02,NaN,Error,cashModel,cashModel,N/A,N/A,"Used unpermissioned time series of type Currency named ""BOCCNH""",false,2024-11-20T10:55:10.539884,false
ccy://RMG/MXNUDI,3,2024-09-02,NaN,Error,cashModel,cashModel,N/A,N/A,"Used unpermissioned time series of type Currency named ""MXNUDI""",false,2024-11-20T10:55:10.539884,false
ccy://RMG/UYU_TCXF,3,2024-09-02,NaN,Error,cashModel,cashModel,N/A,N/A,"Used unpermissioned time series of type Currency named ""UYU_TCXF""",false,2024-11-20T10:55:10.539884,false
ccy://RMG/KES,3,2024-09-02,NaN,Success,cashModel,cashModel,N/A,N/A,,false,2024-11-20T10:55:10.539884,false
ccy://RMG/GBPL_LCH,3,2024-09-02,NaN,Error,cashModel,cashModel,N/A,N/A,"Used unpermissioned time series of type Currency named ""GBPL_LCH""",false,2024-11-20T10:55:10.539884,false
ccy://RMG/RWF_TCXF,3,2024-09-02,NaN,Error,cashModel,cashModel,N/A,N/A,"Used unpermissioned time series of type Currency named ""RWF_TCXF""",false,2024-11-20T10:55:10.539884,false
ccy://RMG/TZS,3,2024-09-02,NaN,Success,cashModel,cashModel,N/A,N/A,,false,2024-11-20T10:55:10.539884,false
ccy://RMG/HUF,3,2024-09-02,NaN,Success,cashModel,cashModel,N/A,N/A,,false,2024-11-20T10:55:10.539884,false
ccy://RMG/BRL1,3,2024-09-02,NaN,Error,cashModel,cashModel,N/A,N/A,"Used unpermissioned time series of type Currency named ""BRL1""",false,2024-11-20T10:55:10.539884,false
ccy://RMG/BOCBR1,3,2024-09-02,NaN,Error,cashModel,cashModel,N/A,N/A,"Used unpermissioned time series of type Currency named ""BOCBR1""",false,2024-11-20T10:55:10.539884,false
ccy://RMG/EEKUSD,3,2024-09-02,NaN,Error,cashModel,cashModel,N/A,N/A,"Used unpermissioned time series of type Currency named ""EEKUSD""",false,2024-11-20T10:55:10.539884,false
ccy://RMG/JPYUSD,3,2024-09-02,NaN,Error,cashModel,cashModel,N/A,N/A,"Used unpermissioned time series of type Currency named ""JPYUSD""",false,2024-11-20T10:55:10.539884,false
ccy://RMG/BOCGBP,3,2024-09-02,NaN,Error,cashModel,cashModel,N/A,N/A,"Used unpermissioned time series of type Currency named ""BOCGBP""",false,2024-11-20T10:55:10.539884,false
ccy://RMG/KRW1,3,2024-09-02,NaN,Error,cashModel,cashModel,N/A,N/A,"Used unpermissioned time series of type Currency named ""KRW1""",false,2024-11-20T10:55:10.539884,false
ccy://RMG/PEN,3,2024-09-02,NaN,Success,cashModel,cashModel,N/A,N/A,,false,2024-11-20T10:55:10.539884,false
ccy://RMG/CNH,3,2024-09-02,NaN,Success,cashModel,cashModel,N/A,N/A,,false,2024-11-20T10:55:10.539884,false
ccy://RMG/SEK,3,2024-09-02,NaN,Success,cashModel,cashModel,N/A,N/A,,false,2024-11-20T10:55:10.539884,false
ccy://RMG/JPZ1,3,2024-09-02,NaN,Success,cashModel,cashModel,N/A,N/A,"Holding ""ccy://RMG/JPZ1"", has filled time series for valuation spec with statistics start date 20230903, statistics end date 20240902, and pricing date 20240902.  Filled time series descriptions:  Time series ""JPZ1"" is backfilled or forward filled; earliest time series observation date is 20060526; latest time series observation date is 20150529; time series is flat filled; DATA ON THE PRICING DATE HAS BEEN FILLED FOR THIS TIME SERIES.",false,2024-11-20T10:55:10.539884,false
ccy://RMG/XEM1,3,2024-09-02,NaN,Error,cashModel,cashModel,N/A,N/A,"Used unpermissioned time series of type Currency named ""XEM1""",false,2024-11-20T10:55:10.539884,false
ccy://RMG/ALL,3,2024-09-02,NaN,Success,cashModel,cashModel,N/A,N/A,,false,2024-11-20T10:55:10.539884,false
ccy://RMG/RUB_TCXF,3,2024-09-02,NaN,Error,cashModel,cashModel,N/A,N/A,"Used unpermissioned time series of type Currency named ""RUB_TCXF""",false,2024-11-20T10:55:10.539884,false
ccy://RMG/BOCHUF,3,2024-09-02,NaN,Error,cashModel,cashModel,N/A,N/A,"Used unpermissioned time series of type Currency named ""BOCHUF""",false,2024-11-20T10:55:10.539884,false
ccy://RMG/BCC_MTL1,3,2024-09-02,NaN,Error,cashModel,cashModel,N/A,N/A,"Used unpermissioned time series of type Currency named ""BCC_MTL1""",false,2024-11-20T10:55:10.539884,false
ccy://RMG/INR2,3,2024-09-02,NaN,Error,cashModel,cashModel,N/A,N/A,"Used unpermissioned time series of type Currency named ""INR2""",false,2024-11-20T10:55:10.539884,false
ccy://RMG/BCC_HUF1,3,2024-09-02,NaN,Error,cashModel,cashModel,N/A,N/A,"Used unpermissioned time series of type Currency named ""BCC_HUF1""",false,2024-11-20T10:55:10.539884,false
ccy://RMG/ISKNew,3,2024-09-02,NaN,Error,cashModel,cashModel,N/A,N/A,"Used unpermissioned time series of type Currency named ""ISKNew""",false,2024-11-20T10:55:10.539884,false
ccy://RMG/DOP,3,2024-09-02,NaN,Success,cashModel,cashModel,N/A,N/A,,false,2024-11-20T10:55:10.539884,false
ccy://RMG/CADKT,3,2024-09-02,NaN,Error,cashModel,cashModel,N/A,N/A,"Used unpermissioned time series of type Currency named ""CADKT""",false,2024-11-20T10:55:10.539884,false
ccy://RMG/BUS1,3,2024-09-02,NaN,Error,cashModel,cashModel,N/A,N/A,"Used unpermissioned time series of type Currency named ""BUS1""",false,2024-11-20T10:55:10.539884,false
ccy://RMG/BOCAI1,3,2024-09-02,NaN,Error,cashModel,cashModel,N/A,N/A,"Used unpermissioned time series of type Currency named ""BOCAI1""",false,2024-11-20T10:55:10.539884,false
(102457:2583)-303,3,2024-09-02,NaN,Success,equityModel,equityModel,N/A,N/A,,false,2024-11-20T10:55:23.209277,false
(102457:2583)-295,3,2024-09-02,NaN,Error,equityModel,equityModel,N/A,N/A,"Unknown equity time series named ""212015101""",false,2024-11-20T10:55:23.209277,false
(102457:2583)-321,3,2024-09-02,NaN,Success,equityModel,equityModel,N/A,N/A,,false,2024-11-20T10:55:23.209277,false
